#key	slot	item_id	name	area	tier	avail_sl	kind	source	dlc	ng_plus_only	req_str	req_dex	req_int	req_fth	weight	corpus_n	corpus_sl_p05	corpus_sl_p10	corpus_sl_median	other_sources	provenance
Alonne_Captain_Helm	head	23060100	Alonne Captain Helm	Iron Keep	8	80	drop	Alonne Captain drop 12% (m10_19, lot 1190000)	0	0	0	0	0	0	5.1	175	100	117	155	drop@Iron Keep(80): Alonne Captain drop 20% (m10_19,m50_36, lot 30600000); drop@Iron Keep(80): Alonne Captain drop 12% (m10_19,m50_36, lot 30601000); drop@Drangleic Castle(95): Alonne Captain drop 15% (m20_21, lot 30601100)	game:Chr lot id's map digits; smithbox label; area SL https://www.gamingreality.com/2014/04/dark-souls-2-suggested-levels-by-zone.html
Alonne_Knight_Helm	head	23061100	Alonne Knight Helm	Iron Keep	8	80	drop	Alonne Knight drop 22% (m10_19,m50_36, lot 31900000)	0	0	0	0	0	0	4.6	134	92	114	150	drop@Iron Keep(80): Alonne Knight drop 13% (m10_19,m50_36, lot 31901000)	game:EnemyParam+generators; smithbox label; area SL https://www.gamingreality.com/2014/04/dark-souls-2-suggested-levels-by-zone.html
Alonnes_Helm	head	26800100	Alonne's Helm	Brume Tower	9	90	boss-soul	Magerold of Lanafir - Sir Alonne, 14400 souls (shop 77200216)	1	0	0	0	0	0	4.0	446	120	140	155		game:ShopLineupParam 77200216 price; smithbox label; area SL https://www.gamingreality.com/2014/04/dark-souls-2-suggested-levels-by-zone.html
Alva_Helm	head	21490100	Alva Helm	Majula	2	30	shop	Maughlin the Armourer - 15000 Souls, 5200 souls (shop 76100227)	0	0	0	0	0	0	3.7	862	105	120	150	drop@Eleum Loyce(100): Maldron the Assassin - Frozen Eleum Loyce drop 14% (m50_37, lot 87110000)	game:ShopLineupParam 76100227 price; https://darksouls2.wiki.fextralife.com/Maughlin+the+Armourer; SL assumed; area SL https://www.gamingreality.com/2014/04/dark-souls-2-suggested-levels-by-zone.html
Archdrake_Helm	head	22310100	Archdrake Helm	Shrine of Amana	10	95	drop	Lindelt Cleric drop 9% (m20_11, lot 13100000)	0	0	0	0	0	0	5.4	121	104	120	150	drop@Eleum Loyce(100): Exile Brave - Archdrake drop 55% (m50_37, lot 88510000)	game:EnemyParam+generators; smithbox label; area SL https://www.gamingreality.com/2014/04/dark-souls-2-suggested-levels-by-zone.html
Bell_Keeper_Helmet	head	27530100	Bell Keeper Helmet	Belfry Luna	5	55	covenant	Covenant - Bell Keepers 3 (lot 2004013)	0	0	0	0	0	0	4.8	59	81	97	150		game:ItemLotParam2_Other 2004013; smithbox label; area SL https://www.gamingreality.com/2014/04/dark-souls-2-suggested-levels-by-zone.html
Benharts_Knight_Helm	head	27430100	Benhart's Knight Helm	Forest of Fallen Giants	1	10	npc	Merchant Hag Melentia - Benhart of Jugo, 5000 souls (shop 75400209)	0	0	0	0	0	0	7.0	91	97	121	150	npc@Forest of Fallen Giants(10): NPC - Benhart of Jugo (lot 1743000)	game:ShopLineupParam 75400209 price; https://darksouls2.wiki.fextralife.com/Merchant+Hag+Melentia; area SL https://www.gamingreality.com/2014/04/dark-souls-2-suggested-levels-by-zone.html
Black_Dragon_Helm	head	21330100	Black Dragon Helm	Iron Keep	8	80	covenant	Dragon Remnants rank 1	0	0	0	0	0	0	2.2	62	60	94	150		https://darksouls2.wiki.fextralife.com/Black+Dragon+Set; area SL https://www.gamingreality.com/2014/04/dark-souls-2-suggested-levels-by-zone.html
Black_Hollow_Mage_Hood	head	22180100	Black Hollow Mage Hood	Huntsman's Copse	5	55	drop	Black Hollow Mage drop 12% (m10_23, lot 11800000)	0	0	0	0	0	0	1.9	30	68	99	154	drop@Brume Tower(90): Astrologer drop 20% (m50_36, lot 87200000)	game:EnemyParam+generators; smithbox label; area SL https://www.gamingreality.com/2014/04/dark-souls-2-suggested-levels-by-zone.html
Black_Hood	head	27680100	Black Hood	Lost Bastille	5	55	npc	NPC - Straid of Olaphis (lot 1768000)	0	0	0	0	16	0	0.9	658	110	128	155	npc@Lost Bastille(55): Straid of Olaphis drop 100% (m10_16, lot 76800000)	game:ItemLotParam2_Other 1768000; smithbox label; area SL https://www.gamingreality.com/2014/04/dark-souls-2-suggested-levels-by-zone.html
Black_Witch_Domino_Mask	head	21502100	Black Witch Domino Mask	Iron Keep	8	80	drop	Dual Avelyn Bell Keeper Phantom drop 100% (m10_19, lot 83620000)	0	0	0	0	20	0	0.5	54	138	150	200		game:EnemyParam+generators; smithbox label; area SL https://www.gamingreality.com/2014/04/dark-souls-2-suggested-levels-by-zone.html
Black_Witch_Hat	head	21501100	Black Witch Hat	Aldia's Keep	11	100	shop	Royal Sorcerer Navlaan, 7200 souls (shop 77100204)	0	0	0	0	20	0	1.5	27	120	121	175		game:ShopLineupParam 77100204 price; https://darksouls2.wiki.fextralife.com/Royal+Sorcerer+Navlaan; area SL https://www.gamingreality.com/2014/04/dark-souls-2-suggested-levels-by-zone.html
Black_Witch_Veil	head	21500100	Black Witch Veil	The Gutter	7	65	drop	Gutter Denizen drop 25% (m10_25, lot 88700000)	0	0	0	0	0	0	0.5	75	97	139	150	drop@Iron Keep(80): Mage Bell Keeper Phantom drop 100% (m10_19, lot 83630000)	game:EnemyParam+generators; smithbox label; area SL https://www.gamingreality.com/2014/04/dark-souls-2-suggested-levels-by-zone.html
Bone_Crown	head	22540100	Bone Crown	Huntsman's Copse	5	55	boss-soul	Titchy Gren - Skeleton Lords, 3600 souls (shop 78300200)	0	0	0	0	0	0	1.7	166	103	125	150		game:ShopLineupParam 78300200 price; smithbox label; area SL https://www.gamingreality.com/2014/04/dark-souls-2-suggested-levels-by-zone.html
Brigand_Hood	head	21080100	Brigand Hood	No-man's Wharf	3	35	pickup	No-man's Wharf - Chest (lot 10185040)	0	0	0	0	0	0	1.2	57	58	75	150		game:ItemLotParam2_Other 10185040; smithbox label; area SL https://www.gamingreality.com/2014/04/dark-souls-2-suggested-levels-by-zone.html
Cales_Helm	head	27510100	Cale's Helm	Majula	0	1	npc	Cale the Cartographer drop 100% (m10_04,m10_10, lot 75100000)	0	0	0	0	0	0	3.0	92	34	61	150	npc@Forest of Fallen Giants(10): NPC - Cale the Cartographer - All flames (lot 1751010)	game:EnemyParam+generators; smithbox label; area SL https://www.gamingreality.com/2014/04/dark-souls-2-suggested-levels-by-zone.html
Catarina_Helm	head	21480100	Catarina Helm	Shulva	8	80	pickup	Shulva - Chest (lot 50355050)	1	0	0	0	0	0	4.5	181	97	120	175	drop@Forest of Fallen Giants(10): Catarina Knight Phantom drop 17% (m10_10, lot 84400000)	game:ItemLotParam2_Other 50355050; smithbox label; area SL https://www.gamingreality.com/2014/04/dark-souls-2-suggested-levels-by-zone.html
Chaos_Hood	head	27710100	Chaos Hood	Aldia's Keep	11	100	npc	NPC - Royal Sorcerer Navlaan - Gift (lot 1771000)	0	0	0	0	16	16	0.9	73	122	143	160	npc@Aldia's Keep(100): Royal Sorcerer Navlaan drop 100% (m10_15, lot 77100000)	game:ItemLotParam2_Other 1771000; smithbox label; area SL https://www.gamingreality.com/2014/04/dark-souls-2-suggested-levels-by-zone.html
Charred_Loyce_Helm	head	26890100	Charred Loyce Helm	Eleum Loyce	11	100	drop	Charred Loyce Knight drop 11% (m50_37, lot 68900000)	1	0	0	0	0	0	6.5	31	111	120	150		game:EnemyParam+generators; smithbox label; area SL https://www.gamingreality.com/2014/04/dark-souls-2-suggested-levels-by-zone.html
Creightons_Steel_Mask	head	27420100	Creighton's Steel Mask	Huntsman's Copse	5	55	npc	NPC - Creighton the Wanderer (lot 1742010)	0	0	0	0	0	0	4.3	141	113	125	150	npc@Huntsman's Copse(55): Creighton the Wanderer drop 100% (m10_14,m10_23,m10_32, lot 74200000)	game:ItemLotParam2_Other 1742010; smithbox label; area SL https://www.gamingreality.com/2014/04/dark-souls-2-suggested-levels-by-zone.html
Crown_of_the_Ivory_King	head	21640100	Crown of the Ivory King	Eleum Loyce	11	100	pickup	Event (lot 60031000)	1	0	0	0	0	0	3.5	316	109	125	158		game:ItemLotParam2_Other 60031000; smithbox label; area SL https://www.gamingreality.com/2014/04/dark-souls-2-suggested-levels-by-zone.html
Crown_of_the_Old_Iron_King	head	21630100	Crown of the Old Iron King	Brume Tower	9	90	pickup	Event (lot 60016000)	1	0	0	0	0	0	4.0	387	127	150	190		game:ItemLotParam2_Other 60016000; smithbox label; area SL https://www.gamingreality.com/2014/04/dark-souls-2-suggested-levels-by-zone.html
Crown_of_the_Sunken_King	head	21650100	Crown of the Sunken King	Shulva	8	80	pickup	Shulva (lot 50356110)	1	0	0	0	0	0	4.0	134	60	104	150	pickup@Shulva(80): Event (lot 60020000)	game:ItemLotParam2_Other 50356110; smithbox label; area SL https://www.gamingreality.com/2014/04/dark-souls-2-suggested-levels-by-zone.html
Dark_Mask	head	22360100	Dark Mask	Aldia's Keep	11	100	drop	Mimic - Aldia's Keep drop 50% (m10_15, lot 1153000)	0	0	0	0	0	0	3.8	414	118	127	165		game:Chr lot id's map digits; smithbox label; area SL https://www.gamingreality.com/2014/04/dark-souls-2-suggested-levels-by-zone.html
Desert_Sorceress_Hood	head	23160100	Desert Sorceress Hood	Harvest Valley	6	60	drop	Desert Sorceress drop 3% (m10_17, lot 31600000)	0	0	0	0	0	0	0.6	463	74	115	150	drop@Drangleic Castle(95): Desert Sorceress drop 12% (m20_21, lot 31600100)	game:EnemyParam+generators; smithbox label; area SL https://www.gamingreality.com/2014/04/dark-souls-2-suggested-levels-by-zone.html
Dingy_Hood	head	21390100	Dingy Hood	Grave of Saints	4	45	drop	Dingy Cleric Phantom drop 25% (m10_34, lot 83100000)	0	0	0	0	0	0	0.8	24	120	128	150		game:EnemyParam+generators; smithbox label; area SL https://www.gamingreality.com/2014/04/dark-souls-2-suggested-levels-by-zone.html
Dragon_Acolyte_Mask	head	23170100	Dragon Acolyte Mask	Aldia's Keep	11	100	drop	Ogre - Aldia's Keep drop 100% (m10_15, lot 1150000)	0	0	0	0	0	0	1.5	260	125	145	162		game:Chr lot id's map digits; smithbox label; area SL https://www.gamingreality.com/2014/04/dark-souls-2-suggested-levels-by-zone.html
Dragon_Sage_Hood	head	23171100	Dragon Sage Hood	Aldia's Keep	11	100	drop	Giant Basilisk drop 50% (m10_15, lot 22200000)	0	0	0	0	0	0	2.0	169	125	147	160		game:EnemyParam+generators; smithbox label; area SL https://www.gamingreality.com/2014/04/dark-souls-2-suggested-levels-by-zone.html
Dragonrider_Helm	head	26100100	Dragonrider Helm	Iron Keep	14	120	ng+	Magerold of Lanafir - NG+2, 7200 souls (shop 77200208)	0	1	0	0	0	0	7.5	180	109	134	160		game:ShopLineupParam 77200208 price; smithbox label; area SL https://www.gamingreality.com/2014/04/dark-souls-2-suggested-levels-by-zone.html
Drakeblood_Helm	head	21600100	Drakeblood Helm	Shulva	8	80	pickup	Shulva (lot 50356520)	1	0	0	0	0	0	4.7	270	106	130	155		game:ItemLotParam2_Other 50356520; smithbox label; area SL https://www.gamingreality.com/2014/04/dark-souls-2-suggested-levels-by-zone.html
Drakekeeper_Helm	head	23310100	Drakekeeper Helm	Drangleic Castle	10	95	drop	Drakekeeper Knight Phantom drop 20% (m20_21, lot 85320000)	0	0	0	0	0	0	6.0	160	120	120	155	drop@Dragon Aerie(105): Drakekeeper drop 7% (m10_27, lot 33100000); drop@Dragon Aerie(105): Drakekeeper drop 8% (m10_27, lot 33101000); drop@Dragon Aerie(105): Drakekeeper drop 8% (m10_27, lot 33103000); drop@Dragon Aerie(105): Drakekeeper drop 7% (m10_27, lot 33104000)	game:EnemyParam+generators; smithbox label; area SL https://www.gamingreality.com/2014/04/dark-souls-2-suggested-levels-by-zone.html
Drangleic_Helm	head	27240100	Drangleic Helm	Memories	13	110	npc	NPC - Captain Drummond (lot 1724000)	0	0	0	0	0	0	5.9	237	99	120	154	npc@Memories(110): Captain Drummond drop 100% (m20_10, lot 72400000)	game:ItemLotParam2_Other 1724000; smithbox label; area SL https://www.gamingreality.com/2014/04/dark-souls-2-suggested-levels-by-zone.html
Durgos_Hat	head	21430100	Durgo's Hat	Eleum Loyce	11	100	pickup	Eleum Loyce - Chest (lot 50375740)	1	0	0	16	0	0	2.6	212	120	140	150		game:ItemLotParam2_Other 50375740; smithbox label; area SL https://www.gamingreality.com/2014/04/dark-souls-2-suggested-levels-by-zone.html
Elite_Knight_Helm	head	21060100	Elite Knight Helm	Majula	0	1	shop	Maughlin the Armourer - 1000 Souls, 2200 souls (shop 76100215)	0	0	0	0	0	0	4.5	635	85	113	150	shop@Majula(1): Maughlin the Armourer - 1000 Souls, 2200 souls (shop 76100223); drop@Eleum Loyce(100): Wall Watchman - Greatsword drop 19% (m50_37, lot 88310000); drop@Eleum Loyce(100): Wall Watchman - Drakekeeper's Warpick drop 19% (m50_37, lot 88320000)	game:ShopLineupParam 76100215 price; https://darksouls2.wiki.fextralife.com/Maughlin+the+Armourer; area SL https://www.gamingreality.com/2014/04/dark-souls-2-suggested-levels-by-zone.html
Executioner_Helm	head	26180100	Executioner Helm	Shrine of Winter	10	95	shop	Titchy Gren - Shrine of Winter, 5400 souls (shop 78300204)	0	0	0	0	0	0	4.4	54	100	112	150		game:ShopLineupParam 78300204 price; smithbox label; area SL https://www.gamingreality.com/2014/04/dark-souls-2-suggested-levels-by-zone.html
Falconer_Helm	head	23130100	Falconer Helm	Majula	0	1	shop	Maughlin the Armourer, 900 souls (shop 76100204)	0	0	0	0	0	0	4.5	56	44	74	150	drop@Things Betwixt(1): Hollow Falconer drop 20% (m10_02, lot 31302000); drop@Things Betwixt(1): Hollow Falconer drop 17% (m10_02, lot 31303000); drop@Shaded Woods(80): Hollow Falconer drop 17% (m10_32, lot 31300200); drop@Shaded Woods(80): Hollow Falconer drop 17% (m10_32, lot 31301200); drop@Shaded Woods(80): Hollow Falconer drop 17% (m10_32, lot 31303200); drop@Brightstone Cove(90): Hollow Falconer drop 17% (m10_14, lot 31300100); drop@Brightstone Cove(90): Hollow Falconer drop 17% (m10_14, lot 31301100); drop@Brightstone Cove(90): Hollow Falconer drop 17% (m10_14, lot 31303100)	game:ShopLineupParam 76100204 price; https://darksouls2.wiki.fextralife.com/Maughlin+the+Armourer; area SL https://www.gamingreality.com/2014/04/dark-souls-2-suggested-levels-by-zone.html
Faraam_Helm	head	21320100	Faraam Helm	Drangleic Castle	10	95	pickup	Drangleic Castle (lot 20216010)	0	0	0	0	0	0	4.8	705	109	125	153	drop@Eleum Loyce(100): Exile Brave - Faraam drop 21% (m50_37, lot 88500000)	game:ItemLotParam2_Other 20216010; smithbox label; area SL https://www.gamingreality.com/2014/04/dark-souls-2-suggested-levels-by-zone.html
Fume_Sorcerer_Mask	head	26510100	Fume Sorcerer Mask	Brume Tower	9	90	drop	Fume Sorcerer drop 17% (m50_36, lot 65100000)	1	0	0	0	0	0	2.0	375	111	140	152		game:EnemyParam+generators; smithbox label; area SL https://www.gamingreality.com/2014/04/dark-souls-2-suggested-levels-by-zone.html
Grave_Warden_Mask	head	23120100	Grave Warden Mask	Harvest Valley	6	60	drop	Grave Warden drop 17% (m10_17, lot 31201100)	0	0	0	0	0	0	0.5	83	103	123	150	drop@Harvest Valley(60): Grave Warden drop 17% (m10_17, lot 31203100); drop@Undead Crypt(100): Grave Warden drop 17% (m20_24, lot 31200000); drop@Undead Crypt(100): Grave Warden drop 17% (m20_24, lot 31202100); drop@Undead Crypt(100): Grave Warden drop 17% (m20_24, lot 31203200)	game:EnemyParam+generators; smithbox label; area SL https://www.gamingreality.com/2014/04/dark-souls-2-suggested-levels-by-zone.html
Gyrm_Helm	head	22340100	Gyrm Helm	Shaded Woods	8	80	drop	Gyrm drop 12% (m10_29,m10_33, lot 13400000)	0	0	0	0	0	0	8.2	122	85	125	150		game:EnemyParam+generators; smithbox label; area SL https://www.gamingreality.com/2014/04/dark-souls-2-suggested-levels-by-zone.html
Gyrm_Warrior_Greathelm	head	22351100	Gyrm Warrior Greathelm	Doors of Pharros	8	80	drop	Gyrm Warrior drop 14% (m10_33, lot 1330200)	0	0	14	0	0	0	9.6	181	103	133	157	drop@Doors of Pharros(80): Gyrm Warrior drop 12% (m10_33, lot 1330300); drop@Doors of Pharros(80): Gyrm Warrior drop 13% (m10_33, lot 13503000); drop@Doors of Pharros(80): Gyrm Warrior drop 12% (m10_33, lot 13504000)	game:Chr lot id's map digits; smithbox label; area SL https://www.gamingreality.com/2014/04/dark-souls-2-suggested-levels-by-zone.html
Gyrm_Warrior_Helm	head	22350100	Gyrm Warrior Helm	Doors of Pharros	8	80	drop	Unknown drop 14% (m10_33, lot 1330000)	0	0	14	0	0	0	8.9	21	105	130	172	drop@Doors of Pharros(80): Gyrm Warrior drop 12% (m10_33, lot 1330100); drop@Doors of Pharros(80): Gyrm Warrior drop 13% (m10_33, lot 13500000); drop@Doors of Pharros(80): Gyrm Warrior drop 12% (m10_33, lot 13501000)	game:Chr lot id's map digits; smithbox label; area SL https://www.gamingreality.com/2014/04/dark-souls-2-suggested-levels-by-zone.html
Havels_Helm	head	21160100	Havel's Helm	The Gutter	7	65	pickup	The Gutter (lot 10256000)	0	0	20	0	0	0	7.5	691	120	130	169		game:ItemLotParam2_Other 10256000; smithbox label; area SL https://www.gamingreality.com/2014/04/dark-souls-2-suggested-levels-by-zone.html
Heide_Knight_Greathelm	head	23010100	Heide Knight Greathelm	Forest of Fallen Giants	1	10	drop	Unknown drop 20% (m10_10, lot 1100201)	0	0	0	0	0	0	6.0	300	90	120	150	drop@Heide's Tower of Flame(30): Heide Knight drop 14% (m10_31, lot 30100100); drop@Heide's Tower of Flame(30): Heide Knight drop 14% (m10_31, lot 30101100); drop@Huntsman's Copse(55): Unknown drop 20% (m10_23, lot 1230001)	game:Chr lot id's map digits; smithbox label; area SL https://www.gamingreality.com/2014/04/dark-souls-2-suggested-levels-by-zone.html
Heide_Knight_Iron_Mask	head	23011100	Heide Knight Iron Mask	The Gutter	7	65	drop	Heide Knight - The Gutter drop 50% (m10_25, lot 1250500)	0	0	0	0	0	0	5.2	336	70	108	150	drop@The Gutter(65): Heide Knight - The Gutter drop 20% (m10_25, lot 1250501)	game:Chr lot id's map digits; smithbox label; area SL https://www.gamingreality.com/2014/04/dark-souls-2-suggested-levels-by-zone.html
Helm_of_Aurous	head	21361100	Helm of Aurous	The Gutter	7	65	pickup	The Gutter - Chest (lot 10255110)	0	0	0	0	0	0	3.8	267	84	102	154	drop@No-man's Wharf(35): Aurous Phantom drop 17% (m10_18, lot 85400000)	game:ItemLotParam2_Other 10255110; smithbox label; area SL https://www.gamingreality.com/2014/04/dark-souls-2-suggested-levels-by-zone.html
Helm_of_Aurous_Transparent	head	21360100	Helm of Aurous	Majula	2	30	npc	NPC - Maughlin the Armourer (lot 1761000)	0	0	0	0	0	0	1.2	22	94	101	152	npc@Grave of Saints(45): Rhoy the Explorer drop 17% (m10_34, lot 84920000)	game:ItemLotParam2_Other 1761000; smithbox label; area SL https://www.gamingreality.com/2014/04/dark-souls-2-suggested-levels-by-zone.html
Hexers_Hood	head	27700100	Hexer's Hood	Huntsman's Copse	5	55	npc	Merchant Hag Melentia - Felkin the Outcast, 3600 souls (shop 75400229)	0	0	0	0	0	0	0.9	1057	80	113	155	npc@Huntsman's Copse(55): NPC - Felkin the Outcast (lot 1770000)	game:ShopLineupParam 75400229 price; https://darksouls2.wiki.fextralife.com/Merchant+Hag+Melentia; area SL https://www.gamingreality.com/2014/04/dark-souls-2-suggested-levels-by-zone.html
Hollow_Infantry_Helm	head	22030100	Hollow Infantry Helm	Forest of Fallen Giants	1	10	drop	Hollow Infantry drop 8% (m10_10, lot 1105000)	0	0	0	0	0	0	4.0	14	24	28	136	drop@Forest of Fallen Giants(10): Hollow Infantry drop 8% (m10_10, lot 1105100); drop@Forest of Fallen Giants(10): Hollow Infantry drop 7% (m10_10, lot 1105200); drop@Forest of Fallen Giants(10): Hollow Infantry drop 8% (m10_10, lot 1105300); drop@Forest of Fallen Giants(10): Hollow Infantry drop 7% (m10_10, lot 1105400); drop@Forest of Fallen Giants(10): Hollow Infantry drop 14% (m10_10,m10_30, lot 10300000); drop@Forest of Fallen Giants(10): Hollow Infantry drop 12% (m10_10, lot 10301000); drop@Forest of Fallen Giants(10): Hollow Infantry drop 11% (m10_10, lot 10302000); drop@Forest of Fallen Giants(10): Hollow Infantry drop 12% (m10_10, lot 10303000); drop@Forest of Fallen Giants(10): Hollow Infantry drop 11% (m10_10, lot 10304000); drop@Heide's Tower of Flame(30): Hollow Infantry drop 11% (m10_18,m10_30, lot 10302200); drop@Heide's Tower of Flame(30): Hollow Infantry drop 12% (m10_18,m10_30, lot 10303200); drop@Heide's Tower of Flame(30): Hollow Infantry drop 11% (m10_18,m10_30, lot 10305100)	game:Chr lot id's map digits; smithbox label; area SL https://www.gamingreality.com/2014/04/dark-souls-2-suggested-levels-by-zone.html
Hollow_Skin	head	21670100	Hollow Skin	Brume Tower	9	90	pickup	Brume Tower - Chest (lot 50365690)	1	0	0	0	0	0	1.5	22	130	135	150		game:ItemLotParam2_Other 50365690; smithbox label; area SL https://www.gamingreality.com/2014/04/dark-souls-2-suggested-levels-by-zone.html
Hollow_Soldier_Helm	head	22020100	Hollow Soldier Helm	Forest of Fallen Giants	1	10	pickup	Forest of Fallen Giants (lot 10106570)	0	0	0	0	0	0	4.3	23	100	103	150	drop@Forest of Fallen Giants(10): Hollow Solider drop 4% (m10_10, lot 1100100); drop@Forest of Fallen Giants(10): Hollow Soldier drop 12% (m10_10, lot 10200000); drop@Forest of Fallen Giants(10): Hollow Soldier drop 12% (m10_10, lot 10201000); drop@Forest of Fallen Giants(10): Hollow Soldier drop 12% (m10_10, lot 10202000); drop@Forest of Fallen Giants(10): Hollow Soldier drop 12% (m10_10, lot 10203000); drop@Forest of Fallen Giants(10): Hollow Soldier drop 12% (m10_10, lot 10204000)	game:ItemLotParam2_Other 10106570; smithbox label; area SL https://www.gamingreality.com/2014/04/dark-souls-2-suggested-levels-by-zone.html
Hood_of_the_Forlorn	head	26940100	Hood of the Forlorn	Lost Bastille	5	55	npc	Straid of Olaphis - 1 Forlorn, 3600 souls (shop 76800200)	0	0	0	0	0	0	1.1	269	95	120	150		game:ShopLineupParam 76800200 price; smithbox label; area SL https://www.gamingreality.com/2014/04/dark-souls-2-suggested-levels-by-zone.html
Hunters_Hat	head	21040100	Hunter's Hat	Forest of Fallen Giants	1	10	pickup	Forest of Fallen Giants - Chest - Soldier's Rest (lot 10105120)	0	0	0	0	0	0	1.2	181	57	80	150		game:ItemLotParam2_Other 10105120; smithbox label; area SL https://www.gamingreality.com/2014/04/dark-souls-2-suggested-levels-by-zone.html
Imperious_Helm	head	25110100	Imperious Helm	Undead Crypt	11	100	drop	Imperious Knight drop 17% (m20_24, lot 51100000)	0	0	0	0	0	0	5.8	41	112	124	150		game:EnemyParam+generators; smithbox label; area SL https://www.gamingreality.com/2014/04/dark-souls-2-suggested-levels-by-zone.html
Imported_Hood	head	21100100	Imported Hood	Things Betwixt	0	1	drop	Foreign Wanderer Phantom drop 17% (m10_02,m10_04, lot 83700000)	0	0	0	0	0	0	2.2	322	58	97	150		game:EnemyParam+generators; smithbox label; area SL https://www.gamingreality.com/2014/04/dark-souls-2-suggested-levels-by-zone.html
Infantry_Helm	head	22031100	Infantry Helm	Forest of Fallen Giants	1	10	pickup	Forest of Fallen Giants - Chest - Overlook Firebomb Room (lot 10105100)	0	0	0	0	0	0	4.0	50	32	36	150		game:ItemLotParam2_Other 10105100; smithbox label; area SL https://www.gamingreality.com/2014/04/dark-souls-2-suggested-levels-by-zone.html
Insolent_Helm	head	25100100	Insolent Helm	Undead Crypt	11	100	drop	Insolent Knight drop 5% (m20_24, lot 2240200)	0	0	0	0	0	0	4.8	82	95	100	150		game:Chr lot id's map digits; smithbox label; area SL https://www.gamingreality.com/2014/04/dark-souls-2-suggested-levels-by-zone.html
Ironclad_Helm	head	22510100	Ironclad Helm	Iron Keep	8	80	drop	Ironclad Soldier drop 10% (m10_19,m20_10, lot 15100000)	0	0	14	0	0	0	6.3	118	84	112	150	drop@Iron Keep(80): Ironclad Warrior Phantom drop 33% (m10_19, lot 83640000)	game:EnemyParam+generators; smithbox label; area SL https://www.gamingreality.com/2014/04/dark-souls-2-suggested-levels-by-zone.html
Ivory_King_Helm	head	26900100	Ivory King Helm	Eleum Loyce	11	100	boss-soul	Maughlin the Armourer - Burnt Ivory King, 50 Loyce Souls, 14400 souls (shop 76100263)	1	0	0	0	0	0	7.0	72	103	132	169		game:ShopLineupParam 76100263 price; smithbox label; area SL https://www.gamingreality.com/2014/04/dark-souls-2-suggested-levels-by-zone.html
Jesters_Cap	head	21210100	Jester's Cap	Iron Keep	8	80	shop	Magerold of Lanafir, 2000 souls (shop 77200204)	0	0	0	14	0	0	3.0	171	92	100	150		game:ShopLineupParam 77200204 price; https://darksouls2.wiki.fextralife.com/Magerold+of+Lanafir; area SL https://www.gamingreality.com/2014/04/dark-souls-2-suggested-levels-by-zone.html
Kings_Crown	head	25130100	King's Crown	Shrine of Amana	10	95	pickup	Shrine of Amana - Chest (lot 20115070)	0	0	14	12	0	0	3.8	609	125	149	155		game:ItemLotParam2_Other 20115070; smithbox label; area SL https://www.gamingreality.com/2014/04/dark-souls-2-suggested-levels-by-zone.html
Knight_Helm	head	21050100	Knight Helm	Heide's Tower of Flame	2	30	pickup	Unseen Path to Heide - Chest (lot 10305010)	0	0	0	0	0	0	4.2	114	80	99	150	drop@Forest of Fallen Giants(10): Knight Phantom - Forest of Fallen Giants drop 17% (m10_10, lot 84300000); drop@Eleum Loyce(100): Wall Watchman - Drakekeeper's Sword drop 19% (m50_37, lot 88300000)	game:ItemLotParam2_Other 10305010; smithbox label; area SL https://www.gamingreality.com/2014/04/dark-souls-2-suggested-levels-by-zone.html
Leydia_Black_Hood	head	25090100	Leydia Black Hood	Shrine of Amana	10	95	drop	Peculiar Kindalur - Shrine of Amana drop 8% (m20_11, lot 82200300)	0	0	0	0	0	0	1.0	34	138	148	155	drop@Undead Crypt(100): Leydia Witch drop 15% (m20_24, lot 50900000)	game:EnemyParam+generators; smithbox label; area SL https://www.gamingreality.com/2014/04/dark-souls-2-suggested-levels-by-zone.html
Leydia_White_Hood	head	25120100	Leydia White Hood	Brightstone Cove	9	90	drop	Dual Wielding Swordsman Phantom drop 18% (m10_14, lot 84800000)	0	0	0	0	0	0	1.0	75	129	140	150	drop@Undead Crypt(100): Leydia Pyromancer drop 17% (m20_24, lot 51200000)	game:EnemyParam+generators; smithbox label; area SL https://www.gamingreality.com/2014/04/dark-souls-2-suggested-levels-by-zone.html
Lion_Warrior_Helm	head	23081100	Lion Warrior Helm	Shaded Woods	8	80	drop	Lion Clan Warrior drop 16% (m10_32, lot 30810000)	0	0	0	0	0	0	0.5	109	123	135	150		game:EnemyParam+generators; smithbox label; area SL https://www.gamingreality.com/2014/04/dark-souls-2-suggested-levels-by-zone.html
Looking_Glass_Mask	head	25040100	Looking Glass Mask	Drangleic Castle	10	95	boss-soul	Maughlin the Armourer - Looking Glass Knight, 8200 souls (shop 76100239)	0	0	16	0	0	0	7.0	125	118	125	155		game:ShopLineupParam 76100239 price; smithbox label; area SL https://www.gamingreality.com/2014/04/dark-souls-2-suggested-levels-by-zone.html
Loyce_Helm	head	26880100	Loyce Helm	Eleum Loyce	11	100	npc	NPC - Alsanna, Silent Oracle (lot 1788020)	1	0	0	0	0	0	6.3	38	118	129	156		game:ItemLotParam2_Other 1788020; smithbox label; area SL https://www.gamingreality.com/2014/04/dark-souls-2-suggested-levels-by-zone.html
Lucatiels_Mask	head	27520100	Lucatiel's Mask	Heide's Tower of Flame	2	30	npc	Lucatiel of Mirrah drop 100% (m10_15,m10_16,m10_17,m10_18,m10_25,m10_30, lot 75200000)	0	0	0	0	0	0	2.0	75	89	112	150	npc@Aldia's Keep(100): NPC - Lucatiel of Mirrah - Gift (lot 1752000)	game:EnemyParam+generators; smithbox label; area SL https://www.gamingreality.com/2014/04/dark-souls-2-suggested-levels-by-zone.html
Mad_Warrior_Mask	head	27550100	Mad Warrior Mask	Brume Tower	9	90	pickup	Brume Tower (lot 50366730)	1	0	0	0	0	0	5.0	311	64	100	150	drop@Iron Keep(80): Mad Warrior Phantom drop 20% (m10_19, lot 83600000); drop@Brume Tower(90): Prowler drop 20% (m50_36, lot 88100000); drop@Brume Tower(90): Prowler drop 20% (m50_36, lot 88200000)	game:ItemLotParam2_Other 50366730; smithbox label; area SL https://www.gamingreality.com/2014/04/dark-souls-2-suggested-levels-by-zone.html
Manikin_Mask	head	22240100	Manikin Mask	Earthen Peak	7	65	pickup	Earthen Peak (lot 10176430)	0	0	0	0	0	0	1.8	148	78	112	150		game:ItemLotParam2_Other 10176430; smithbox label; area SL https://www.gamingreality.com/2014/04/dark-souls-2-suggested-levels-by-zone.html
Mask_of_Judgment	head	21350100	Mask of Judgment	Dragon Aerie	12	105	pickup	Dragon Aerie - Chest (lot 10275060)	0	0	0	0	0	0	2.5	63	102	125	155	drop@Drangleic Castle(95): Dark Stalker drop 10% (m20_21, lot 21700100)	game:ItemLotParam2_Other 10275060; smithbox label; area SL https://www.gamingreality.com/2014/04/dark-souls-2-suggested-levels-by-zone.html
Mastodon_Helm	head	23150100	Mastodon Helm	Drangleic Castle	10	95	drop	Primal Knight drop 15% (m20_21, lot 31500000)	0	0	16	0	0	0	6.6	35	89	101	150		game:EnemyParam+generators; smithbox label; area SL https://www.gamingreality.com/2014/04/dark-souls-2-suggested-levels-by-zone.html
Minotaur_Helm	head	21700100	Minotaur Helm	Iron Keep	8	80	npc	Oliver the Collector drop 100% (m10_19, lot 89800000)	0	0	0	0	0	0	9.8	652	135	150	155	drop@Brume Tower(90): Iron Warrior drop 11% (m50_36, lot 65000000)	game:EnemyParam+generators; smithbox label; area SL https://www.gamingreality.com/2014/04/dark-souls-2-suggested-levels-by-zone.html
Mirrah_Hat	head	27521100	Mirrah Hat	Eleum Loyce	11	100	pickup	Eleum Loyce (lot 50376450)	1	0	0	0	0	0	1.5	100	69	118	150		game:ItemLotParam2_Other 50376450; smithbox label; area SL https://www.gamingreality.com/2014/04/dark-souls-2-suggested-levels-by-zone.html
Monastery_Headcloth	head	21370100	Monastery Headcloth	Aldia's Keep	11	100	drop	Painting Guardian Phantom - Aldia's Keep drop 20% (m10_15, lot 85000000)	0	0	0	0	0	0	0.6	80	122	133	150		game:EnemyParam+generators; smithbox label; area SL https://www.gamingreality.com/2014/04/dark-souls-2-suggested-levels-by-zone.html
Moon_Butterfly_Hat	head	21470100	Moon Butterfly Hat	Majula	14	120	ng+	Maughlin the Armourer - 15000 Souls, NG+3, 10000 souls (shop 76100259)	0	1	0	0	0	0	0.8	219	71	91	150		game:ShopLineupParam 76100259 price; smithbox label; area SL https://www.gamingreality.com/2014/04/dark-souls-2-suggested-levels-by-zone.html
Moon_Hat	head	21230100	Moon Hat	Aldia's Keep	11	100	shop	Royal Sorcerer Navlaan, 3600 souls (shop 77100200)	0	0	0	0	0	0	2.2	48	90	96	150		game:ShopLineupParam 77100200 price; https://darksouls2.wiki.fextralife.com/Royal+Sorcerer+Navlaan; area SL https://www.gamingreality.com/2014/04/dark-souls-2-suggested-levels-by-zone.html
Nahr_Alma_Hood	head	27830100	Nahr Alma Hood	Huntsman's Copse	5	55	npc	NPC - Titchy Gren (lot 1783040)	0	0	0	0	0	0	1.5	68	86	116	150	npc@Huntsman's Copse(55): Titchy Gren drop 100% (m10_23, lot 78300000)	game:ItemLotParam2_Other 1783040; smithbox label; area SL https://www.gamingreality.com/2014/04/dark-souls-2-suggested-levels-by-zone.html
Northwarder_Hood	head	21610100	Northwarder Hood	Eleum Loyce	11	100	pickup	Eleum Loyce (lot 50376560)	1	0	0	0	0	0	0.9	162	120	130	155		game:ItemLotParam2_Other 50376560; smithbox label; area SL https://www.gamingreality.com/2014/04/dark-souls-2-suggested-levels-by-zone.html
Old_Bell_Helm	head	21660100	Old Bell Helm	Eleum Loyce	11	100	pickup	Eleum Loyce (lot 50376090)	1	0	0	0	0	0	6.0	96	88	100	150		game:ItemLotParam2_Other 50376090; smithbox label; area SL https://www.gamingreality.com/2014/04/dark-souls-2-suggested-levels-by-zone.html
Old_Ironclad_Helm	head	22512100	Old Ironclad Helm	Forest of Fallen Giants	1	10	drop	Ironclad Soldier drop 22% (m10_10, lot 15120000)	0	0	14	0	0	0	6.3	30	83	114	150		game:EnemyParam+generators; smithbox label; area SL https://www.gamingreality.com/2014/04/dark-souls-2-suggested-levels-by-zone.html
Old_Knight_Helm	head	23300100	Old Knight Helm	Heide's Tower of Flame	2	30	drop	Old Knight drop 3% (m10_31, lot 1310000)	0	0	0	0	0	0	7.0	84	68	93	150	drop@Heide's Tower of Flame(30): Old Knight drop 3% (m10_31, lot 1310100); drop@Heide's Tower of Flame(30): Unknown drop 3% (m10_31, lot 1310200); drop@Heide's Tower of Flame(30): Unknown drop 3% (m10_31, lot 1310300); drop@Heide's Tower of Flame(30): Old Knight drop 3% (m10_31, lot 1310400); drop@Heide's Tower of Flame(30): Old Knight drop 7% (m10_31, lot 33000000); drop@Heide's Tower of Flame(30): Old Knight drop 8% (m10_30,m10_31, lot 33001000); drop@Heide's Tower of Flame(30): Old Knight drop 8% (m10_31, lot 33004000); drop@Drangleic Castle(95): Old Knight drop 8% (m20_21, lot 33001100); drop@Shrine of Amana(95): Old Knight drop 8% (m20_11,m20_21, lot 33004200)	game:Chr lot id's map digits; smithbox label; area SL https://www.gamingreality.com/2014/04/dark-souls-2-suggested-levels-by-zone.html
Pates_Helm	head	21010100	Pate's Helm	Forest of Fallen Giants	1	10	npc	Merchant Hag Melentia - Mild Mannered Pate, 3000 souls (shop 75400213)	0	0	0	0	0	0	3.5	35	87	89	150	npc@Brightstone Cove(90): NPC - Mild-mannered Pate - Survives battle againts Last Giant (lot 1744010)	game:ShopLineupParam 75400213 price; https://darksouls2.wiki.fextralife.com/Merchant+Hag+Melentia; area SL https://www.gamingreality.com/2014/04/dark-souls-2-suggested-levels-by-zone.html
Peasant_Hat	head	22480100	Peasant Hat	Brightstone Cove	9	90	drop	Undead Peasant drop 2% (m10_14, lot 1140400)	0	0	0	0	0	0	1.3	34	45	50	150	drop@Brightstone Cove(90): Undead Peasant drop 2% (m10_14, lot 1140500); drop@Brightstone Cove(90): Undead Peasant drop 6% (m10_14, lot 14800000); drop@Brightstone Cove(90): Undead Peasant drop 7% (m10_14, lot 14801000); drop@Brightstone Cove(90): Undead Peasant drop 7% (m10_14, lot 14802000); drop@Brightstone Cove(90): Undead Peasant drop 7% (m10_14, lot 14803000); drop@Brightstone Cove(90): Porcine Peasant Phantom drop 25% (m10_14, lot 84600000)	game:Chr lot id's map digits; smithbox label; area SL https://www.gamingreality.com/2014/04/dark-souls-2-suggested-levels-by-zone.html
Penal_Mask	head	26260100	Penal Mask	Sinners' Rise	10	95	boss-soul	Maughlin the Armourer - Lost Sinner, 7000 souls (shop 76100243)	0	0	0	0	0	0	5.1	399	99	106	150		game:ShopLineupParam 76100243 price; smithbox label; area SL https://www.gamingreality.com/2014/04/dark-souls-2-suggested-levels-by-zone.html
Pharros_Mask	head	21680100	Pharros Mask	Brume Tower	9	90	pickup	Brume Tower (lot 50367060)	1	0	0	0	0	0	4.3	162	78	95	150		game:ItemLotParam2_Other 50367060; smithbox label; area SL https://www.gamingreality.com/2014/04/dark-souls-2-suggested-levels-by-zone.html
Priestess_Headpiece	head	22062100	Priestess Headpiece	Brightstone Cove	9	90	pickup	Brightstone Cove (lot 10146040)	0	0	0	0	0	0	1.2	9	45	46	150	drop@Dragon Aerie(105): Dark Priestess drop 12% (m10_27, lot 10620000)	game:ItemLotParam2_Other 10146040; smithbox label; area SL https://www.gamingreality.com/2014/04/dark-souls-2-suggested-levels-by-zone.html
Prisoners_Hood	head	22270100	Prisoner's Hood	No-man's Wharf	3	35	drop	Abandoned Hollow drop 3% (m10_18,m20_24, lot 12701100)	0	0	0	0	0	0	0.8	233	80	105	150	drop@Huntsman's Copse(55): Abandoned Hollow drop 5% (m10_23,m50_37, lot 12700000); drop@Harvest Valley(60): Abandoned Hollow drop 11% (m10_17, lot 12700300); drop@Brightstone Cove(90): Abandoned Hollow drop 4% (m10_14, lot 12700200); drop@Undead Crypt(100): Abandoned Hollow drop 11% (m20_24, lot 12700100); drop@Eleum Loyce(100): Abandoned Hollow drop 2% (m50_37, lot 12701000)	game:EnemyParam+generators; smithbox label; area SL https://www.gamingreality.com/2014/04/dark-souls-2-suggested-levels-by-zone.html
Raimes_Helm	head	26750100	Raime's Helm	Brume Tower	9	90	boss-soul	Magerold of Lanafir - Fume Knight, 7200 souls (shop 77200212)	1	0	0	0	0	0	6.0	299	124	147	166		game:ShopLineupParam 77200212 price; smithbox label; area SL https://www.gamingreality.com/2014/04/dark-souls-2-suggested-levels-by-zone.html
Rampart_Golem_Helm	head	26590100	Rampart Golem Helm	Eleum Loyce	11	100	drop	Rampart Golem drop 17% (m50_37, lot 65900000)	1	0	0	0	0	0	5.8	41	132	150	198		game:EnemyParam+generators; smithbox label; area SL https://www.gamingreality.com/2014/04/dark-souls-2-suggested-levels-by-zone.html
Rogue_Hood	head	22080100	Rogue Hood	Huntsman's Copse	5	55	drop	Hollow Rogue drop 7% (m10_23, lot 10800000)	0	0	0	0	0	0	0.7	60	114	124	150	drop@Huntsman's Copse(55): Hollow Rogue drop 8% (m10_23, lot 10801000); drop@Huntsman's Copse(55): Hollow Rogue drop 7% (m10_23, lot 10802000)	game:EnemyParam+generators; smithbox label; area SL https://www.gamingreality.com/2014/04/dark-souls-2-suggested-levels-by-zone.html
Royal_Soldier_Helm	head	22021100	Royal Soldier Helm	Majula	0	1	shop	Maughlin the Armourer - 1000 Souls, 1600 souls (shop 76100211)	0	0	0	0	0	0	4.8	193	100	120	153	shop@Majula(1): Maughlin the Armourer - 1000 Souls, 1600 souls (shop 76100219)	game:ShopLineupParam 76100211 price; https://darksouls2.wiki.fextralife.com/Maughlin+the+Armourer; area SL https://www.gamingreality.com/2014/04/dark-souls-2-suggested-levels-by-zone.html
Royal_Swordsman_Helm	head	22520100	Royal Swordsman Helm	Forest of Fallen Giants	1	10	drop	Royal Soldier drop 6% (m10_10,m10_16, lot 15200100)	0	0	0	0	0	0	4.7	182	53	87	150	drop@Lost Bastille(55): Royal Soldier drop 11% (m10_16, lot 15201100); npc@Doors of Pharros(80): Bowman Guthry drop 22% (m10_14,m10_33, lot 85300000); drop@Drangleic Castle(95): Royal Soldier drop 20% (m20_21, lot 15200000); drop@Drangleic Castle(95): Royal Soldier drop 17% (m20_21, lot 15201000)	game:EnemyParam+generators; smithbox label; area SL https://www.gamingreality.com/2014/04/dark-souls-2-suggested-levels-by-zone.html
Ruin_Helm	head	23250100	Ruin Helm	Drangleic Castle	10	95	drop	Ruin Sentinel - Drangleic Castle drop 25% (m20_21, lot 2210700)	0	0	0	0	0	0	4.0	47	99	123	150		game:Chr lot id's map digits; smithbox label; area SL https://www.gamingreality.com/2014/04/dark-souls-2-suggested-levels-by-zone.html
Rusted_Mastodon_Helm	head	23140100	Rusted Mastodon Helm	Heide's Tower of Flame	2	30	drop	Hollow Primal Knight drop 17% (m10_30, lot 31400100)	0	0	14	0	0	0	6.0	11	80	85	150	drop@Doors of Pharros(80): Hollow Primal Knight drop 17% (m10_33, lot 31400000)	game:EnemyParam+generators; smithbox label; area SL https://www.gamingreality.com/2014/04/dark-souls-2-suggested-levels-by-zone.html
Saints_Hood	head	27690100	Saint's Hood	Heide's Tower of Flame	2	30	npc	Merchant Hag Melentia - Licia of Lindeldt, 3600 souls (shop 75400225)	0	0	0	0	0	16	0.9	190	101	124	154	npc@Heide's Tower of Flame(30): NPC - Licia of Lindeldt (lot 1769000); npc@Heide's Tower of Flame(30): Event - Licia (lot 60006000)	game:ShopLineupParam 75400225 price; https://darksouls2.wiki.fextralife.com/Merchant+Hag+Melentia; area SL https://www.gamingreality.com/2014/04/dark-souls-2-suggested-levels-by-zone.html
Sanctum_Knight_Helm	head	26650100	Sanctum Knight Helm	Shulva	8	80	pickup	Shulva (lot 50356640)	1	0	0	0	0	0	5.8	49	97	116	150	drop@Shulva(80): Sanctum Knight drop 15% (m50_35, lot 66500000); drop@Shulva(80): Sanctum Knight drop 9% (m50_35, lot 66501000)	game:ItemLotParam2_Other 50356640; smithbox label; area SL https://www.gamingreality.com/2014/04/dark-souls-2-suggested-levels-by-zone.html
Sanctum_Priestess_Tiara	head	26700100	Sanctum Priestess Tiara	Shulva	8	80	drop	Sanctum Priestess drop 25% (m50_35, lot 67000000)	1	0	0	0	11	11	2.0	15	145	150	161	npc@Iron Keep(80): Fencer Sharron drop 100% (m10_19,m10_27, lot 89700000)	game:EnemyParam+generators; smithbox label; area SL https://www.gamingreality.com/2014/04/dark-souls-2-suggested-levels-by-zone.html
Shadow_Mask	head	22230100	Shadow Mask	No-man's Wharf	3	35	drop	Suspicious Shadow drop 17% (m10_18, lot 12300000)	0	0	0	0	0	0	1.8	339	106	124	150	drop@No-man's Wharf(35): Suspicious Shadow drop 17% (m10_18, lot 12302000); drop@Lost Bastille(55): Suspicious Shadow drop 17% (m10_16, lot 12300200); drop@Harvest Valley(60): Suspicious Shadow drop 17% (m10_17, lot 12300300)	game:EnemyParam+generators; smithbox label; area SL https://www.gamingreality.com/2014/04/dark-souls-2-suggested-levels-by-zone.html
Smelter_Demon_Helm	head	23050100	Smelter Demon Helm	Iron Keep	8	80	boss-soul	Maughlin the Armourer - Smelter Demon, 7800 souls (shop 76100235)	0	0	16	0	0	0	9.0	223	121	127	185		game:ShopLineupParam 76100235 price; smithbox label; area SL https://www.gamingreality.com/2014/04/dark-souls-2-suggested-levels-by-zone.html
Spiked_Bandit_Helm	head	22110100	Spiked Bandit Helm	Iron Keep	8	80	shop	Magerold of Lanafir, 1000 souls (shop 77200200)	0	0	0	0	0	0	4.1	28	75	80	150		game:ShopLineupParam 77200200 price; https://darksouls2.wiki.fextralife.com/Magerold+of+Lanafir; area SL https://www.gamingreality.com/2014/04/dark-souls-2-suggested-levels-by-zone.html
Standard_Helm	head	27440100	Standard Helm	Majula	0	1	shop	Maughlin the Armourer, 800 souls (shop 76100200)	0	0	0	0	0	0	4.0	26	33	38	137		game:ShopLineupParam 76100200 price; https://darksouls2.wiki.fextralife.com/Maughlin+the+Armourer; area SL https://www.gamingreality.com/2014/04/dark-souls-2-suggested-levels-by-zone.html
Steel_Helm	head	22220100	Steel Helm	Memories	13	110	pickup	Giant's Memory - Chest (lot 20105040)	0	0	0	0	0	0	5.4	91	119	124	150		game:ItemLotParam2_Other 20105040; smithbox label; area SL https://www.gamingreality.com/2014/04/dark-souls-2-suggested-levels-by-zone.html
Syans_Helm	head	22530100	Syan's Helm	Forest of Fallen Giants	1	10	drop	Syan Knight drop 13% (m10_10,m10_32,m20_21, lot 15301000)	0	0	0	0	0	0	6.2	136	83	122	152	drop@Forest of Fallen Giants(10): Syan Knight Phantom - Forest of Fallen Giants drop 17% (m10_10, lot 84200000); drop@Heide's Tower of Flame(30): Syan Knight drop 13% (m10_23,m10_30,m20_24, lot 15300300); drop@Grave of Saints(45): Syan Knight drop 13% (m10_15,m10_34,m20_24, lot 15301300); drop@Shaded Woods(80): Syan Knight drop 13% (m10_32,m20_21, lot 15300000); drop@Shrine of Amana(95): Syan Knight drop 13% (m20_11, lot 15300200); drop@Drangleic Castle(95): Washing Pole Phantom drop 20% (m20_21, lot 85350000)	game:EnemyParam+generators; smithbox label; area SL https://www.gamingreality.com/2014/04/dark-souls-2-suggested-levels-by-zone.html
Symbol_of_Avarice	head	21710100	Symbol of Avarice	Eleum Loyce	11	100	drop	Mimic - Frozen Eleum Loyce drop 100% (m50_37, lot 5037200)	1	0	0	0	0	0	8.0	27	101	140	162		game:Chr lot id's map digits; smithbox label; area SL https://www.gamingreality.com/2014/04/dark-souls-2-suggested-levels-by-zone.html
Targrays_Helm	head	27950100	Targray's Helm	Heide's Tower of Flame	2	30	npc	Merchant Hag Melentia - Blue Sentinel Targray, 4800 souls (shop 75400237)	0	0	0	0	0	0	4.0	29	120	124	155	npc@Heide's Tower of Flame(30): NPC - Blue Sentinel Targray (lot 1785040)	game:ShopLineupParam 75400237 price; https://darksouls2.wiki.fextralife.com/Merchant+Hag+Melentia; area SL https://www.gamingreality.com/2014/04/dark-souls-2-suggested-levels-by-zone.html
Tattered_Cloth_Hood	head	21070100	Tattered Cloth Hood	The Gutter	7	65	pickup	The Gutter (lot 10256270)	0	0	0	0	0	0	1.1	48	90	111	150	drop@No-man's Wharf(35): Dark Stalker drop 10% (m10_18, lot 21700000); drop@Shrine of Amana(95): Butcher Phantom drop 25% (m20_11, lot 83300000)	game:ItemLotParam2_Other 10256270; smithbox label; area SL https://www.gamingreality.com/2014/04/dark-souls-2-suggested-levels-by-zone.html
Thief_Mask	head	21020100	Thief Mask	Earthen Peak	7	65	shop	Laddersmith Gilligan - Earthen Peak, 800 souls (shop 70400200)	0	0	0	0	0	0	1.2	1115	109	132	150	shop@Earthen Peak(65): Laddersmith Gilligan - Majula, 1000 souls (shop 70400204)	game:ShopLineupParam 70400200 price; https://darksouls2.wiki.fextralife.com/Laddersmith+Gilligan; area SL https://www.gamingreality.com/2014/04/dark-souls-2-suggested-levels-by-zone.html
Throne_Defender_Helm	head	23320100	Throne Defender Helm	Throne of Want	13	110	boss-soul	Maughlin the Armourer - Thorne Defenders, 11000 souls (shop 76100251)	0	0	0	0	0	0	6.4	70	116	138	157		game:ShopLineupParam 76100251 price; smithbox label; area SL https://www.gamingreality.com/2014/04/dark-souls-2-suggested-levels-by-zone.html
Throne_Watcher_Helm	head	23340100	Throne Watcher Helm	Throne of Want	13	110	boss-soul	Maughlin the Armourer - Thorne Defenders, 9300 souls (shop 76100255)	0	0	0	0	0	0	5.6	59	111	124	156		game:ShopLineupParam 76100255 price; smithbox label; area SL https://www.gamingreality.com/2014/04/dark-souls-2-suggested-levels-by-zone.html
Traveling_Merchant_Hat	head	21140100	Traveling Merchant Hat	Forest of Fallen Giants	1	10	shop	Merchant Hag Melentia, 850 souls (shop 75400200)	0	0	0	0	0	0	2.6	38	56	63	137		game:ShopLineupParam 75400200 price; https://darksouls2.wiki.fextralife.com/Merchant+Hag+Melentia; area SL https://www.gamingreality.com/2014/04/dark-souls-2-suggested-levels-by-zone.html
Tseldora_Cap	head	22460100	Tseldora Cap	Majula	0	1	npc	Maughlin the Armourer drop 25% (m10_04, lot 76100000)	0	0	0	0	0	0	1.4	97	53	65	150	drop@Brightstone Cove(90): Parasitized Undead drop 4% (m10_14, lot 10700000); drop@Brightstone Cove(90): Lord Tseldora drop 10% (m10_14, lot 14601000)	game:EnemyParam+generators; smithbox label; area SL https://www.gamingreality.com/2014/04/dark-souls-2-suggested-levels-by-zone.html
Varangian_Helm	head	22130100	Varangian Helm	Heide's Tower of Flame	2	30	drop	Varangian Sailor drop 12% (m10_16,m10_18,m10_30, lot 11300000)	0	0	0	0	0	0	4.6	44	45	54	150	drop@Heide's Tower of Flame(30): Varangian Sailor drop 13% (m10_16,m10_18,m10_30, lot 11301000); drop@Heide's Tower of Flame(30): Varangian Sailor drop 11% (m10_18,m10_30, lot 11302000)	game:EnemyParam+generators; smithbox label; area SL https://www.gamingreality.com/2014/04/dark-souls-2-suggested-levels-by-zone.html
Velstadts_Helm	head	23330100	Velstadt's Helm	Undead Crypt	11	100	boss-soul	Maughlin the Armourer - Velstadt, 9800 souls (shop 76100247)	0	0	0	0	0	0	7.5	187	119	127	157		game:ShopLineupParam 76100247 price; smithbox label; area SL https://www.gamingreality.com/2014/04/dark-souls-2-suggested-levels-by-zone.html
Vengarls_Helm	head	23070100	Vengarl's Helm	Shaded Woods	8	80	npc	NPC - Head of Vengarl (lot 1307000)	0	0	0	0	0	0	6.8	428	84	100	150	npc@Shaded Woods(80): NPC - Head of Vengarl (lot 1307100); npc@Shaded Woods(80): Vengarl drop 100% (m10_32, lot 30711000)	game:ItemLotParam2_Other 1307000; smithbox label; area SL https://www.gamingreality.com/2014/04/dark-souls-2-suggested-levels-by-zone.html
Wanderer_Hood	head	21030100	Wanderer Hood	Lost Bastille	5	55	pickup	Lost Bastille (lot 10166490)	0	0	0	0	0	0	1.4	175	48	82	150	drop@Lost Bastille(55): Unknown drop 25% (m10_16, lot 1160000); drop@Brume Tower(90): Notched Whip Phantom drop 12% (m50_36, lot 87300000)	game:ItemLotParam2_Other 10166490; smithbox label; area SL https://www.gamingreality.com/2014/04/dark-souls-2-suggested-levels-by-zone.html
Warlock_Mask	head	22370100	Warlock Mask	Huntsman's Copse	5	55	drop	Merciless Roenna - Huntsman's Copse drop 8% (m10_23, lot 82100000)	0	0	0	0	14	0	4.8	178	138	149	155	drop@Shaded Woods(80): Lion Clan Warrior (Petrified) drop 100% (m10_32, lot 1320100); drop@Shrine of Amana(95): Unknown drop 14% (m20_11, lot 2110000); drop@Aldia's Keep(100): Prowling Magus - Aldia's Keep drop 14% (m10_15, lot 1154100); drop@Aldia's Keep(100): Dragon Acolyte drop 14% (m10_15, lot 13701000)	game:EnemyParam+generators; smithbox label; area SL https://www.gamingreality.com/2014/04/dark-souls-2-suggested-levels-by-zone.html
White_Hollow_Mage_Hood	head	22182100	White Hollow Mage Hood	Brightstone Cove	9	90	drop	White Hollow Mage drop 7% (m10_14, lot 11820000)	0	0	0	0	0	0	1.8	158	107	139	150		game:EnemyParam+generators; smithbox label; area SL https://www.gamingreality.com/2014/04/dark-souls-2-suggested-levels-by-zone.html
White_Priest_Headpiece	head	22060100	White Priest Headpiece	Brightstone Cove	9	90	shop	Cromwell the Pardoner, 4500 souls (shop 78400200)	0	0	0	0	0	0	1.4	11	82	115	150		game:ShopLineupParam 78400200 price; https://darksouls2.wiki.fextralife.com/Cromwell+the+Pardoner; area SL https://www.gamingreality.com/2014/04/dark-souls-2-suggested-levels-by-zone.html
Xanthous_Crown	head	21340100	Xanthous Crown	Dark Chasm of Old	10	95	covenant	Covenant - Pilgrims of Dark 3 (lot 2006013)	0	0	0	0	0	0	5.0	70	90	134	157		game:ItemLotParam2_Other 2006013; smithbox label; area SL https://www.gamingreality.com/2014/04/dark-souls-2-suggested-levels-by-zone.html
Agdaynes_Black_Robe	chest	25060101	Agdayne's Black Robe	Undead Crypt	11	100	npc	Merchant Hag Melentia - Grave Warden Agdayne, 6000 souls (shop 75400204)	0	0	0	0	0	0	5.8	250	120	138	150	npc@Undead Crypt(100): NPC - Grave Warden Agdayne (lot 1506000)	game:ShopLineupParam 75400204 price; https://darksouls2.wiki.fextralife.com/Merchant+Hag+Melentia; area SL https://www.gamingreality.com/2014/04/dark-souls-2-suggested-levels-by-zone.html
Alonne_Captain_Armor	chest	23060101	Alonne Captain Armor	Iron Keep	8	80	drop	Alonne Captain drop 12% (m10_19, lot 1190000)	0	0	0	0	0	0	15.6	267	106	122	156	drop@Iron Keep(80): Alonne Captain drop 20% (m10_19,m50_36, lot 30600000); drop@Iron Keep(80): Alonne Captain drop 12% (m10_19,m50_36, lot 30601000); drop@Drangleic Castle(95): Alonne Captain drop 15% (m20_21, lot 30601100)	game:Chr lot id's map digits; smithbox label; area SL https://www.gamingreality.com/2014/04/dark-souls-2-suggested-levels-by-zone.html
Alonne_Knight_Armor	chest	23061101	Alonne Knight Armor	Iron Keep	8	80	drop	Alonne Knight drop 22% (m10_19,m50_36, lot 31900000)	0	0	0	0	0	0	14.2	246	102	120	150	drop@Iron Keep(80): Alonne Knight drop 13% (m10_19,m50_36, lot 31901000)	game:EnemyParam+generators; smithbox label; area SL https://www.gamingreality.com/2014/04/dark-souls-2-suggested-levels-by-zone.html
Alonnes_Armor	chest	26800101	Alonne's Armor	Brume Tower	9	90	boss-soul	Magerold of Lanafir - Sir Alonne, 24000 souls (shop 77200217)	1	0	0	0	0	0	9.0	376	120	127	150		game:ShopLineupParam 77200217 price; smithbox label; area SL https://www.gamingreality.com/2014/04/dark-souls-2-suggested-levels-by-zone.html
Alva_Armor	chest	21490101	Alva Armor	Majula	2	30	shop	Maughlin the Armourer - 15000 Souls, 8000 souls (shop 76100228)	0	0	0	0	0	0	8.8	1234	100	120	150		game:ShopLineupParam 76100228 price; https://darksouls2.wiki.fextralife.com/Maughlin+the+Armourer; SL assumed; area SL https://www.gamingreality.com/2014/04/dark-souls-2-suggested-levels-by-zone.html
Archdrake_Robes	chest	22310101	Archdrake Robes	Lost Bastille	5	55	pickup	Lost Bastille (lot 10166430)	0	0	0	0	0	0	9.8	86	31	52	150	drop@Shrine of Amana(95): Lindelt Cleric drop 9% (m20_11, lot 13100000)	game:ItemLotParam2_Other 10166430; smithbox label; area SL https://www.gamingreality.com/2014/04/dark-souls-2-suggested-levels-by-zone.html
Armor_of_Aurous	chest	21361101	Armor of Aurous	The Gutter	7	65	pickup	The Gutter - Chest (lot 10255110)	0	0	0	0	0	0	10.1	380	90	108	150	drop@No-man's Wharf(35): Aurous Phantom drop 17% (m10_18, lot 85400000)	game:ItemLotParam2_Other 10255110; smithbox label; area SL https://www.gamingreality.com/2014/04/dark-souls-2-suggested-levels-by-zone.html
Armor_of_Aurous_Transparent	chest	21360101	Armor of Aurous	Majula	2	30	npc	NPC - Maughlin the Armourer (lot 1761000)	0	0	0	0	0	0	3.2	22	49	62	150	npc@Grave of Saints(45): Rhoy the Explorer drop 17% (m10_34, lot 84920000)	game:ItemLotParam2_Other 1761000; smithbox label; area SL https://www.gamingreality.com/2014/04/dark-souls-2-suggested-levels-by-zone.html
Armor_of_the_Forlorn	chest	26940101	Armor of the Forlorn	Lost Bastille	5	55	npc	Straid of Olaphis - 4 Forlorn, 9000 souls (shop 76800201)	0	0	0	0	0	0	11.3	295	108	129	155		game:ShopLineupParam 76800201 price; smithbox label; area SL https://www.gamingreality.com/2014/04/dark-souls-2-suggested-levels-by-zone.html
Astrologists_Robe	chest	21230101	Astrologist's Robe	Aldia's Keep	11	100	shop	Royal Sorcerer Navlaan, 6000 souls (shop 77100201)	0	0	0	0	0	0	4.1	26	101	128	153	drop@Brume Tower(90): Astrologer drop 20% (m50_36, lot 87200000)	game:ShopLineupParam 77100201 price; https://darksouls2.wiki.fextralife.com/Royal+Sorcerer+Navlaan; area SL https://www.gamingreality.com/2014/04/dark-souls-2-suggested-levels-by-zone.html
Bandit_Armor	chest	22110101	Bandit Armor	Iron Keep	8	80	shop	Magerold of Lanafir, 1600 souls (shop 77200201)	0	0	0	0	0	0	6.2	102	73	100	150		game:ShopLineupParam 77200201 price; https://darksouls2.wiki.fextralife.com/Magerold+of+Lanafir; area SL https://www.gamingreality.com/2014/04/dark-souls-2-suggested-levels-by-zone.html
Bell_Keeper_Bellyband	chest	27530101	Bell Keeper Bellyband	Belfry Luna	5	55	covenant	Covenant - Bell Keepers 3 (lot 2004013)	0	0	0	0	0	0	6.0	24	77	79	150		game:ItemLotParam2_Other 2004013; smithbox label; area SL https://www.gamingreality.com/2014/04/dark-souls-2-suggested-levels-by-zone.html
Benharts_Armor	chest	27430101	Benhart's Armor	Forest of Fallen Giants	1	10	npc	Merchant Hag Melentia - Benhart of Jugo, 7400 souls (shop 75400210)	0	0	0	0	0	0	10.5	177	92	120	150	npc@Forest of Fallen Giants(10): NPC - Benhart of Jugo (lot 1743000)	game:ShopLineupParam 75400210 price; https://darksouls2.wiki.fextralife.com/Merchant+Hag+Melentia; area SL https://www.gamingreality.com/2014/04/dark-souls-2-suggested-levels-by-zone.html
Black_Dragon_Armor	chest	21330101	Black Dragon Armor	Iron Keep	8	80	covenant	Dragon Remnants rank 2	0	0	0	0	0	0	4.8	50	55	87	150		https://darksouls2.wiki.fextralife.com/Black+Dragon+Set; area SL https://www.gamingreality.com/2014/04/dark-souls-2-suggested-levels-by-zone.html
Black_Hollow_Mage_Robe	chest	22180101	Black Hollow Mage Robe	Huntsman's Copse	5	55	drop	Black Hollow Mage drop 12% (m10_23, lot 11800000)	0	0	0	0	0	0	3.3	69	54	76	150		game:EnemyParam+generators; smithbox label; area SL https://www.gamingreality.com/2014/04/dark-souls-2-suggested-levels-by-zone.html
Black_Leather_Armor	chest	21020101	Black Leather Armor	Earthen Peak	7	65	shop	Laddersmith Gilligan - Earthen Peak, 960 souls (shop 70400201)	0	0	0	0	0	0	3.9	211	91	117	150	shop@Earthen Peak(65): Laddersmith Gilligan - Majula, 1200 souls (shop 70400205)	game:ShopLineupParam 70400201 price; https://darksouls2.wiki.fextralife.com/Laddersmith+Gilligan; area SL https://www.gamingreality.com/2014/04/dark-souls-2-suggested-levels-by-zone.html
Black_Robes	chest	27680101	Black Robes	Lost Bastille	5	55	npc	Merchant Hag Melentia - Straid of Olaphis, 6000 souls (shop 75400222)	0	0	0	0	16	0	2.6	232	115	130	155	npc@Lost Bastille(55): NPC - Straid of Olaphis (lot 1768000)	game:ShopLineupParam 75400222 price; https://darksouls2.wiki.fextralife.com/Merchant+Hag+Melentia; area SL https://www.gamingreality.com/2014/04/dark-souls-2-suggested-levels-by-zone.html
Black_Witch_Robe	chest	21500101	Black Witch Robe	Aldia's Keep	11	100	shop	Royal Sorcerer Navlaan, 7700 souls (shop 77100205)	0	0	0	0	0	0	4.8	711	120	145	150	drop@The Gutter(65): Gutter Denizen drop 25% (m10_25, lot 88700000)	game:ShopLineupParam 77100205 price; https://darksouls2.wiki.fextralife.com/Royal+Sorcerer+Navlaan; area SL https://www.gamingreality.com/2014/04/dark-souls-2-suggested-levels-by-zone.html
Bone_King_Robe	chest	22540101	Bone King Robe	Huntsman's Copse	5	55	boss-soul	Titchy Gren - Skeleton Lords, 6000 souls (shop 78300201)	0	0	0	0	0	0	3.8	168	106	130	150		game:ShopLineupParam 78300201 price; smithbox label; area SL https://www.gamingreality.com/2014/04/dark-souls-2-suggested-levels-by-zone.html
Brigand_Armor	chest	21080101	Brigand Armor	No-man's Wharf	3	35	pickup	No-man's Wharf - Chest (lot 10185040)	0	0	0	0	0	0	3.1	44	62	83	150		game:ItemLotParam2_Other 10185040; smithbox label; area SL https://www.gamingreality.com/2014/04/dark-souls-2-suggested-levels-by-zone.html
Cales_Leather_Armor	chest	27510101	Cale's Leather Armor	Forest of Fallen Giants	1	10	npc	Merchant Hag Melentia - Cale the Cartographer, 5500 souls (shop 75400217)	0	0	0	0	0	0	6.4	180	104	134	152	npc@Forest of Fallen Giants(10): NPC - Cale the Cartographer - All flames (lot 1751010)	game:ShopLineupParam 75400217 price; https://darksouls2.wiki.fextralife.com/Merchant+Hag+Melentia; area SL https://www.gamingreality.com/2014/04/dark-souls-2-suggested-levels-by-zone.html
Catarina_Armor	chest	21480101	Catarina Armor	Forest of Fallen Giants	1	10	drop	Catarina Knight Phantom drop 17% (m10_10, lot 84400000)	0	0	0	0	0	0	11.7	131	95	120	175	drop@Eleum Loyce(100): Mimic - Frozen Eleum Loyce drop 100% (m50_37, lot 5037100)	game:EnemyParam+generators; smithbox label; area SL https://www.gamingreality.com/2014/04/dark-souls-2-suggested-levels-by-zone.html
Chaos_Robe	chest	27710101	Chaos Robe	Aldia's Keep	11	100	npc	Merchant Hag Melentia - Royal Sorcerer Navlaan, 6000 souls (shop 75400233)	0	0	0	0	16	16	2.6	97	147	150	164	npc@Aldia's Keep(100): NPC - Royal Sorcerer Navlaan - Gift (lot 1771000)	game:ShopLineupParam 75400233 price; https://darksouls2.wiki.fextralife.com/Merchant+Hag+Melentia; area SL https://www.gamingreality.com/2014/04/dark-souls-2-suggested-levels-by-zone.html
Charred_Loyce_Armor	chest	26890101	Charred Loyce Armor	Eleum Loyce	11	100	drop	Charred Loyce Knight drop 11% (m50_37, lot 68900000)	1	0	0	0	0	0	12.8	78	104	122	150		game:EnemyParam+generators; smithbox label; area SL https://www.gamingreality.com/2014/04/dark-souls-2-suggested-levels-by-zone.html
Creightons_Chainmail	chest	27420101	Creighton's Chainmail	Huntsman's Copse	5	55	npc	Merchant Hag Melentia - Creighton the Wanderer, 7000 souls (shop 75400206)	0	0	0	0	0	0	9.7	115	92	118	150	npc@Huntsman's Copse(55): NPC - Creighton the Wanderer (lot 1742010)	game:ShopLineupParam 75400206 price; https://darksouls2.wiki.fextralife.com/Merchant+Hag+Melentia; area SL https://www.gamingreality.com/2014/04/dark-souls-2-suggested-levels-by-zone.html
Dark_Armor	chest	22360101	Dark Armor	The Gutter	7	65	drop	Mimic - The Gutter drop 50% (m10_25, lot 1253000)	0	0	0	0	0	0	9.8	249	120	127	152		game:Chr lot id's map digits; smithbox label; area SL https://www.gamingreality.com/2014/04/dark-souls-2-suggested-levels-by-zone.html
Desert_Sorceress_Top	chest	23160101	Desert Sorceress Top	Harvest Valley	6	60	drop	Desert Sorceress drop 3% (m10_17, lot 31600000)	0	0	0	0	0	0	2.7	288	76	114	150	drop@Drangleic Castle(95): Desert Sorceress drop 12% (m20_21, lot 31600100)	game:EnemyParam+generators; smithbox label; area SL https://www.gamingreality.com/2014/04/dark-souls-2-suggested-levels-by-zone.html
Dingy_Robe	chest	21390101	Dingy Robe	Grave of Saints	4	45	drop	Dingy Cleric Phantom drop 25% (m10_34, lot 83100000)	0	0	0	0	0	0	3.0	171	123	146	152		game:EnemyParam+generators; smithbox label; area SL https://www.gamingreality.com/2014/04/dark-souls-2-suggested-levels-by-zone.html
Dragon_Acolyte_Robe	chest	23170101	Dragon Acolyte Robe	Aldia's Keep	11	100	drop	Dragon Acolyte drop 13% (m10_15, lot 31700000)	0	0	0	0	0	0	3.9	40	125	134	150		game:EnemyParam+generators; smithbox label; area SL https://www.gamingreality.com/2014/04/dark-souls-2-suggested-levels-by-zone.html
Dragonrider_Armor	chest	26100101	Dragonrider Armor	Iron Keep	14	120	ng+	Magerold of Lanafir - NG+2, 11500 souls (shop 77200209)	0	1	0	0	0	0	16.0	125	109	131	150		game:ShopLineupParam 77200209 price; smithbox label; area SL https://www.gamingreality.com/2014/04/dark-souls-2-suggested-levels-by-zone.html
Drakeblood_Armor	chest	21600101	Drakeblood Armor	Shulva	8	80	pickup	Shulva (lot 50356520)	1	0	0	0	0	0	12.5	274	100	122	155		game:ItemLotParam2_Other 50356520; smithbox label; area SL https://www.gamingreality.com/2014/04/dark-souls-2-suggested-levels-by-zone.html
Drakekeeper_Armor	chest	23310101	Drakekeeper Armor	Drangleic Castle	10	95	drop	Drakekeeper Knight Phantom drop 20% (m20_21, lot 85320000)	0	0	0	0	0	0	15.7	219	119	123	155	drop@Dragon Aerie(105): Drakekeeper drop 7% (m10_27, lot 33100000); drop@Dragon Aerie(105): Drakekeeper drop 8% (m10_27, lot 33101000); drop@Dragon Aerie(105): Drakekeeper drop 8% (m10_27, lot 33103000); drop@Dragon Aerie(105): Drakekeeper drop 7% (m10_27, lot 33104000)	game:EnemyParam+generators; smithbox label; area SL https://www.gamingreality.com/2014/04/dark-souls-2-suggested-levels-by-zone.html
Drangleic_Mail	chest	27240101	Drangleic Mail	Forest of Fallen Giants	1	10	pickup	Forest of Fallen Giants (lot 10106290)	0	0	0	0	0	0	14.5	301	69	88	150		game:ItemLotParam2_Other 10106290; smithbox label; area SL https://www.gamingreality.com/2014/04/dark-souls-2-suggested-levels-by-zone.html
Elite_Knight_Armor	chest	21060101	Elite Knight Armor	Majula	0	1	shop	Maughlin the Armourer - 1000 Souls, 4000 souls (shop 76100216)	0	0	0	0	0	0	11.7	459	76	101	150	shop@Majula(1): Maughlin the Armourer - 1000 Souls, 4000 souls (shop 76100224); drop@Eleum Loyce(100): Wall Watchman - Greatsword drop 19% (m50_37, lot 88310000); drop@Eleum Loyce(100): Wall Watchman - Drakekeeper's Warpick drop 19% (m50_37, lot 88320000)	game:ShopLineupParam 76100216 price; https://darksouls2.wiki.fextralife.com/Maughlin+the+Armourer; area SL https://www.gamingreality.com/2014/04/dark-souls-2-suggested-levels-by-zone.html
Executioner_Armor	chest	26180101	Executioner Armor	Shrine of Winter	10	95	shop	Titchy Gren - Shrine of Winter, 7500 souls (shop 78300205)	0	0	0	0	0	0	6.7	343	100	126	150		game:ShopLineupParam 78300205 price; smithbox label; area SL https://www.gamingreality.com/2014/04/dark-souls-2-suggested-levels-by-zone.html
Falconer_Armor	chest	23130101	Falconer Armor	Majula	0	1	shop	Maughlin the Armourer, 1500 souls (shop 76100205)	0	0	0	0	0	0	7.7	99	34	54	150	drop@Things Betwixt(1): Hollow Falconer drop 20% (m10_02, lot 31302000); drop@Things Betwixt(1): Hollow Falconer drop 17% (m10_02, lot 31303000); drop@Shaded Woods(80): Hollow Falconer drop 17% (m10_32, lot 31300200); drop@Shaded Woods(80): Hollow Falconer drop 17% (m10_32, lot 31301200); drop@Shaded Woods(80): Hollow Falconer drop 17% (m10_32, lot 31303200); drop@Brightstone Cove(90): Hollow Falconer drop 17% (m10_14, lot 31300100); drop@Brightstone Cove(90): Hollow Falconer drop 17% (m10_14, lot 31301100); drop@Brightstone Cove(90): Hollow Falconer drop 17% (m10_14, lot 31303100)	game:ShopLineupParam 76100205 price; https://darksouls2.wiki.fextralife.com/Maughlin+the+Armourer; area SL https://www.gamingreality.com/2014/04/dark-souls-2-suggested-levels-by-zone.html
Faraam_Armor	chest	21320101	Faraam Armor	Drangleic Castle	10	95	pickup	Drangleic Castle (lot 20216010)	0	0	0	0	0	0	12.6	782	117	127	151	drop@Eleum Loyce(100): Exile Brave - Faraam drop 21% (m50_37, lot 88500000)	game:ItemLotParam2_Other 20216010; smithbox label; area SL https://www.gamingreality.com/2014/04/dark-souls-2-suggested-levels-by-zone.html
Fume_Sorcerer_Robes	chest	26510101	Fume Sorcerer Robes	Brume Tower	9	90	drop	Fume Sorcerer drop 17% (m50_36, lot 65100000)	1	0	0	0	0	0	4.7	112	99	141	150		game:EnemyParam+generators; smithbox label; area SL https://www.gamingreality.com/2014/04/dark-souls-2-suggested-levels-by-zone.html
Grave_Warden_Top	chest	23120101	Grave Warden Top	Harvest Valley	6	60	drop	Grave Warden drop 17% (m10_17, lot 31201100)	0	0	0	0	0	0	6.0	139	91	116	150	drop@Harvest Valley(60): Grave Warden drop 17% (m10_17, lot 31203100); drop@Undead Crypt(100): Grave Warden drop 17% (m20_24, lot 31200000); drop@Undead Crypt(100): Grave Warden drop 17% (m20_24, lot 31202100); drop@Undead Crypt(100): Grave Warden drop 17% (m20_24, lot 31203200)	game:EnemyParam+generators; smithbox label; area SL https://www.gamingreality.com/2014/04/dark-souls-2-suggested-levels-by-zone.html
Gyrm_Armor	chest	22340101	Gyrm Armor	Shaded Woods	8	80	drop	Gyrm drop 12% (m10_29,m10_33, lot 13400000)	0	0	0	0	0	0	12.3	50	70	84	150		game:EnemyParam+generators; smithbox label; area SL https://www.gamingreality.com/2014/04/dark-souls-2-suggested-levels-by-zone.html
Gyrm_Warrior_Armor	chest	22350101	Gyrm Warrior Armor	Doors of Pharros	8	80	drop	Unknown drop 14% (m10_33, lot 1330000)	0	0	14	0	0	0	19.7	65	84	109	150	drop@Doors of Pharros(80): Gyrm Warrior drop 12% (m10_33, lot 1330100); drop@Doors of Pharros(80): Gyrm Warrior drop 14% (m10_33, lot 1330200); drop@Doors of Pharros(80): Gyrm Warrior drop 12% (m10_33, lot 1330300); drop@Doors of Pharros(80): Gyrm Warrior drop 13% (m10_33, lot 13500000); drop@Doors of Pharros(80): Gyrm Warrior drop 12% (m10_33, lot 13501000); drop@Doors of Pharros(80): Gyrm Warrior drop 13% (m10_33, lot 13503000); drop@Doors of Pharros(80): Gyrm Warrior drop 12% (m10_33, lot 13504000)	game:Chr lot id's map digits; smithbox label; area SL https://www.gamingreality.com/2014/04/dark-souls-2-suggested-levels-by-zone.html
Hard_Leather_Armor	chest	27440101	Hard Leather Armor	Majula	0	1	shop	Maughlin the Armourer, 1260 souls (shop 76100201)	0	0	0	0	0	0	7.2	109	85	105	151		game:ShopLineupParam 76100201 price; https://darksouls2.wiki.fextralife.com/Maughlin+the+Armourer; area SL https://www.gamingreality.com/2014/04/dark-souls-2-suggested-levels-by-zone.html
Havels_Armor	chest	21160101	Havel's Armor	The Gutter	7	65	pickup	The Gutter (lot 10256000)	0	0	20	0	0	0	19.5	880	120	139	177		game:ItemLotParam2_Other 10256000; smithbox label; area SL https://www.gamingreality.com/2014/04/dark-souls-2-suggested-levels-by-zone.html
Heide_Knight_Chainmail	chest	23010101	Heide Knight Chainmail	Forest of Fallen Giants	1	10	drop	Unknown drop 20% (m10_10, lot 1100201)	0	0	0	0	0	0	10.9	582	90	120	150	drop@Heide's Tower of Flame(30): Heide Knight drop 14% (m10_31, lot 30100100); drop@Heide's Tower of Flame(30): Heide Knight drop 14% (m10_31, lot 30101100); drop@Huntsman's Copse(55): Unknown drop 20% (m10_23, lot 1230001); drop@The Gutter(65): Heide Knight - The Gutter drop 20% (m10_25, lot 1250501)	game:Chr lot id's map digits; smithbox label; area SL https://www.gamingreality.com/2014/04/dark-souls-2-suggested-levels-by-zone.html
Hexers_Robes	chest	27700101	Hexer's Robes	Huntsman's Copse	5	55	npc	Merchant Hag Melentia - Felkin the Outcast, 6000 souls (shop 75400230)	0	0	0	0	0	0	2.6	270	77	109	150	npc@Huntsman's Copse(55): NPC - Felkin the Outcast (lot 1770000)	game:ShopLineupParam 75400230 price; https://darksouls2.wiki.fextralife.com/Merchant+Hag+Melentia; area SL https://www.gamingreality.com/2014/04/dark-souls-2-suggested-levels-by-zone.html
Hollow_Infantry_Armor	chest	22030101	Hollow Infantry Armor	Forest of Fallen Giants	1	10	drop	Hollow Infantry drop 8% (m10_10, lot 1105000)	0	0	0	0	0	0	5.9	6	22	26	110	drop@Forest of Fallen Giants(10): Hollow Infantry drop 8% (m10_10, lot 1105100); drop@Forest of Fallen Giants(10): Hollow Infantry drop 7% (m10_10, lot 1105200); drop@Forest of Fallen Giants(10): Hollow Infantry drop 8% (m10_10, lot 1105300); drop@Forest of Fallen Giants(10): Hollow Infantry drop 7% (m10_10, lot 1105400); drop@Forest of Fallen Giants(10): Hollow Infantry drop 14% (m10_10,m10_30, lot 10300000); drop@Forest of Fallen Giants(10): Hollow Infantry drop 12% (m10_10, lot 10301000); drop@Forest of Fallen Giants(10): Hollow Infantry drop 11% (m10_10, lot 10302000); drop@Forest of Fallen Giants(10): Hollow Infantry drop 12% (m10_10, lot 10303000); drop@Forest of Fallen Giants(10): Hollow Infantry drop 11% (m10_10, lot 10304000); drop@Heide's Tower of Flame(30): Hollow Infantry drop 11% (m10_18,m10_30, lot 10302200); drop@Heide's Tower of Flame(30): Hollow Infantry drop 12% (m10_18,m10_30, lot 10303200); drop@Heide's Tower of Flame(30): Hollow Infantry drop 11% (m10_18,m10_30, lot 10305100)	game:Chr lot id's map digits; smithbox label; area SL https://www.gamingreality.com/2014/04/dark-souls-2-suggested-levels-by-zone.html
Hollow_Soldier_Armor	chest	22020101	Hollow Soldier Armor	Forest of Fallen Giants	1	10	drop	Hollow Solider drop 4% (m10_10, lot 1100100)	0	0	0	0	0	0	8.6	21	47	58	150	drop@Forest of Fallen Giants(10): Hollow Soldier drop 12% (m10_10, lot 10200000); drop@Forest of Fallen Giants(10): Hollow Soldier drop 12% (m10_10, lot 10201000); drop@Forest of Fallen Giants(10): Hollow Soldier drop 12% (m10_10, lot 10202000); drop@Forest of Fallen Giants(10): Hollow Soldier drop 12% (m10_10, lot 10203000); drop@Forest of Fallen Giants(10): Hollow Soldier drop 12% (m10_10, lot 10204000)	game:Chr lot id's map digits; smithbox label; area SL https://www.gamingreality.com/2014/04/dark-souls-2-suggested-levels-by-zone.html
Imperious_Armor	chest	25110101	Imperious Armor	Undead Crypt	11	100	drop	Imperious Knight drop 17% (m20_24, lot 51100000)	0	0	0	0	0	0	14.7	56	94	118	150		game:EnemyParam+generators; smithbox label; area SL https://www.gamingreality.com/2014/04/dark-souls-2-suggested-levels-by-zone.html
Imported_Tunic	chest	21100101	Imported Tunic	Things Betwixt	0	1	drop	Foreign Wanderer Phantom drop 17% (m10_02,m10_04, lot 83700000)	0	0	0	0	0	0	6.5	56	55	58	150		game:EnemyParam+generators; smithbox label; area SL https://www.gamingreality.com/2014/04/dark-souls-2-suggested-levels-by-zone.html
Infantry_Armor	chest	22031101	Infantry Armor	Majula	0	1	shop	Maughlin the Armourer, 1000 souls (shop 76100208)	0	0	0	0	0	0	5.9	45	52	80	150		game:ShopLineupParam 76100208 price; https://darksouls2.wiki.fextralife.com/Maughlin+the+Armourer; area SL https://www.gamingreality.com/2014/04/dark-souls-2-suggested-levels-by-zone.html
Insolent_Armor	chest	25100101	Insolent Armor	Undead Crypt	11	100	drop	Insolent Knight drop 5% (m20_24, lot 2240200)	0	0	0	0	0	0	9.8	137	93	100	150		game:Chr lot id's map digits; smithbox label; area SL https://www.gamingreality.com/2014/04/dark-souls-2-suggested-levels-by-zone.html
Ironclad_Armor	chest	22510101	Ironclad Armor	Iron Keep	8	80	drop	Ironclad Soldier drop 10% (m10_19,m20_10, lot 15100000)	0	0	14	0	0	0	29.8	291	111	124	155	drop@Iron Keep(80): Ironclad Warrior Phantom drop 33% (m10_19, lot 83640000)	game:EnemyParam+generators; smithbox label; area SL https://www.gamingreality.com/2014/04/dark-souls-2-suggested-levels-by-zone.html
Ivory_King_Armor	chest	26900101	Ivory King Armor	Eleum Loyce	11	100	boss-soul	Maughlin the Armourer - Burnt Ivory King, 50 Loyce Souls, 24000 souls (shop 76100264)	1	0	0	0	0	0	14.8	100	119	132	175		game:ShopLineupParam 76100264 price; smithbox label; area SL https://www.gamingreality.com/2014/04/dark-souls-2-suggested-levels-by-zone.html
Jesters_Robes	chest	21210101	Jester's Robes	Iron Keep	8	80	shop	Magerold of Lanafir, 3000 souls (shop 77200205)	0	0	0	14	0	0	5.7	480	99	117	150		game:ShopLineupParam 77200205 price; https://darksouls2.wiki.fextralife.com/Magerold+of+Lanafir; area SL https://www.gamingreality.com/2014/04/dark-souls-2-suggested-levels-by-zone.html
Kings_Armor	chest	25130101	King's Armor	Shrine of Amana	10	95	pickup	Shrine of Amana - Chest (lot 20115070)	0	0	14	12	0	0	12.0	263	145	150	173		game:ItemLotParam2_Other 20115070; smithbox label; area SL https://www.gamingreality.com/2014/04/dark-souls-2-suggested-levels-by-zone.html
Knight_Armor	chest	21050101	Knight Armor	Heide's Tower of Flame	2	30	pickup	Unseen Path to Heide - Chest (lot 10305010)	0	0	0	0	0	0	10.9	200	65	97	150	drop@Forest of Fallen Giants(10): Knight Phantom - Forest of Fallen Giants drop 17% (m10_10, lot 84300000); drop@Eleum Loyce(100): Wall Watchman - Drakekeeper's Sword drop 19% (m50_37, lot 88300000)	game:ItemLotParam2_Other 10305010; smithbox label; area SL https://www.gamingreality.com/2014/04/dark-souls-2-suggested-levels-by-zone.html
Leather_Armor	chest	21040101	Leather Armor	Forest of Fallen Giants	1	10	pickup	Forest of Fallen Giants - Chest - Soldier's Rest (lot 10105120)	0	0	0	0	0	0	4.7	41	33	53	150		game:ItemLotParam2_Other 10105120; smithbox label; area SL https://www.gamingreality.com/2014/04/dark-souls-2-suggested-levels-by-zone.html
Leydia_Black_Robe	chest	25090101	Leydia Black Robe	Shrine of Amana	10	95	drop	Peculiar Kindalur - Shrine of Amana drop 8% (m20_11, lot 82200300)	0	0	0	0	0	0	3.5	88	123	150	155	drop@Undead Crypt(100): Leydia Witch drop 15% (m20_24, lot 50900000)	game:EnemyParam+generators; smithbox label; area SL https://www.gamingreality.com/2014/04/dark-souls-2-suggested-levels-by-zone.html
Leydia_White_Robe	chest	25120101	Leydia White Robe	Brightstone Cove	9	90	drop	Dual Wielding Swordsman Phantom drop 18% (m10_14, lot 84800000)	0	0	0	0	0	0	3.5	111	128	145	150	drop@Undead Crypt(100): Leydia Pyromancer drop 17% (m20_24, lot 51200000)	game:EnemyParam+generators; smithbox label; area SL https://www.gamingreality.com/2014/04/dark-souls-2-suggested-levels-by-zone.html
Lion_Mage_Robe	chest	22190101	Lion Mage Robe	Shaded Woods	8	80	pickup	Shaded Woods - Chest (lot 10325040)	0	0	0	0	0	0	2.2	570	83	120	151		game:ItemLotParam2_Other 10325040; smithbox label; area SL https://www.gamingreality.com/2014/04/dark-souls-2-suggested-levels-by-zone.html
Lion_Warrior_Cape	chest	23080101	Lion Warrior Cape	Shaded Woods	8	80	drop	Lion Clan Warrior drop 15% (m10_32, lot 1320200)	0	0	0	0	0	0	1.5	103	62	101	150	drop@Shaded Woods(80): Lion Clan Warrior drop 13% (m10_32, lot 30800000)	game:Chr lot id's map digits; smithbox label; area SL https://www.gamingreality.com/2014/04/dark-souls-2-suggested-levels-by-zone.html
Llewellyn_Armor	chest	27210101	Llewellyn Armor	Drangleic Castle	10	95	npc	NPC - Chancellor Wellager (lot 1721000)	0	0	0	0	0	0	6.8	789	111	130	155		game:ItemLotParam2_Other 1721000; smithbox label; area SL https://www.gamingreality.com/2014/04/dark-souls-2-suggested-levels-by-zone.html
Looking_Glass_Armor	chest	25040101	Looking Glass Armor	Drangleic Castle	10	95	boss-soul	Maughlin the Armourer - Looking Glass Knight, 13500 souls (shop 76100240)	0	0	16	0	0	0	18.3	106	102	122	155		game:ShopLineupParam 76100240 price; smithbox label; area SL https://www.gamingreality.com/2014/04/dark-souls-2-suggested-levels-by-zone.html
Loyce_Armor	chest	26880101	Loyce Armor	Eleum Loyce	11	100	npc	NPC - Alsanna, Silent Oracle (lot 1788010)	1	0	0	0	0	0	12.3	126	135	150	160		game:ItemLotParam2_Other 1788010; smithbox label; area SL https://www.gamingreality.com/2014/04/dark-souls-2-suggested-levels-by-zone.html
Lucatiels_Vest	chest	27520101	Lucatiel's Vest	Heide's Tower of Flame	2	30	npc	Merchant Hag Melentia - Lucatiel of Mirrah, 6800 souls (shop 75400219)	0	0	0	0	0	0	6.0	229	73	106	150	npc@Aldia's Keep(100): NPC - Lucatiel of Mirrah - Gift (lot 1752000)	game:ShopLineupParam 75400219 price; https://darksouls2.wiki.fextralife.com/Merchant+Hag+Melentia; area SL https://www.gamingreality.com/2014/04/dark-souls-2-suggested-levels-by-zone.html
Mad_Warrior_Armor	chest	27550101	Mad Warrior Armor	Brume Tower	9	90	pickup	Brume Tower (lot 50366730)	1	0	0	0	0	0	12.5	143	75	110	150	drop@Iron Keep(80): Mad Warrior Phantom drop 20% (m10_19, lot 83600000); drop@Brume Tower(90): Prowler drop 20% (m50_36, lot 88100000); drop@Brume Tower(90): Prowler drop 20% (m50_36, lot 88200000)	game:ItemLotParam2_Other 50366730; smithbox label; area SL https://www.gamingreality.com/2014/04/dark-souls-2-suggested-levels-by-zone.html
Manikin_Top	chest	22240101	Manikin Top	Harvest Valley	6	60	drop	Manikin drop 19% (m10_17, lot 12400000)	0	0	0	0	0	0	2.3	259	97	104	150	drop@Harvest Valley(60): Manikin drop 16% (m10_17, lot 12401000); drop@Harvest Valley(60): Manikin drop 16% (m10_17, lot 12402000); drop@Harvest Valley(60): Manikin drop 12% (m10_17, lot 12403000); drop@Drangleic Castle(95): Manikin drop 19% (m20_21, lot 12400100)	game:EnemyParam+generators; smithbox label; area SL https://www.gamingreality.com/2014/04/dark-souls-2-suggested-levels-by-zone.html
Mastodon_Armor	chest	23150101	Mastodon Armor	Drangleic Castle	10	95	drop	Primal Knight drop 15% (m20_21, lot 31500000)	0	0	16	0	0	0	17.7	123	99	112	150		game:EnemyParam+generators; smithbox label; area SL https://www.gamingreality.com/2014/04/dark-souls-2-suggested-levels-by-zone.html
Monastery_Longshirt	chest	21370101	Monastery Longshirt	Aldia's Keep	11	100	drop	Painting Guardian Phantom - Aldia's Keep drop 20% (m10_15, lot 85000000)	0	0	0	0	0	0	1.6	254	117	127	150		game:EnemyParam+generators; smithbox label; area SL https://www.gamingreality.com/2014/04/dark-souls-2-suggested-levels-by-zone.html
Moon_Butterfly_Wings	chest	21470101	Moon Butterfly Wings	Majula	14	120	ng+	Maughlin the Armourer - 15000 Souls, NG+2, 15000 souls (shop 76100260)	0	1	0	0	0	0	1.4	265	69	90	150		game:ShopLineupParam 76100260 price; smithbox label; area SL https://www.gamingreality.com/2014/04/dark-souls-2-suggested-levels-by-zone.html
Nahr_Alma_Robes	chest	27830101	Nahr Alma Robes	Huntsman's Copse	5	55	npc	Merchant Hag Melentia - Titchy Gren, 5000 souls (shop 75400236)	0	0	0	0	0	0	3.5	115	104	115	155	npc@Huntsman's Copse(55): NPC - Titchy Gren (lot 1783040)	game:ShopLineupParam 75400236 price; https://darksouls2.wiki.fextralife.com/Merchant+Hag+Melentia; area SL https://www.gamingreality.com/2014/04/dark-souls-2-suggested-levels-by-zone.html
Northwarder_Robe	chest	21610101	Northwarder Robe	Eleum Loyce	11	100	pickup	Eleum Loyce (lot 50376560)	1	0	0	0	0	0	2.5	230	113	125	155		game:ItemLotParam2_Other 50376560; smithbox label; area SL https://www.gamingreality.com/2014/04/dark-souls-2-suggested-levels-by-zone.html
Old_Ironclad_Armor	chest	22512101	Old Ironclad Armor	Forest of Fallen Giants	1	10	drop	Ironclad Soldier drop 22% (m10_10, lot 15120000)	0	0	14	0	0	0	29.8	23	133	149	174		game:EnemyParam+generators; smithbox label; area SL https://www.gamingreality.com/2014/04/dark-souls-2-suggested-levels-by-zone.html
Old_Knight_Armor	chest	23300101	Old Knight Armor	Heide's Tower of Flame	2	30	drop	Old Knight drop 3% (m10_31, lot 1310000)	0	0	0	0	0	0	16.4	386	110	143	155	drop@Heide's Tower of Flame(30): Old Knight drop 3% (m10_31, lot 1310100); drop@Heide's Tower of Flame(30): Unknown drop 3% (m10_31, lot 1310200); drop@Heide's Tower of Flame(30): Unknown drop 3% (m10_31, lot 1310300); drop@Heide's Tower of Flame(30): Old Knight drop 3% (m10_31, lot 1310400); drop@Heide's Tower of Flame(30): Old Knight drop 7% (m10_31, lot 33000000); drop@Heide's Tower of Flame(30): Old Knight drop 8% (m10_30,m10_31, lot 33001000); drop@Heide's Tower of Flame(30): Old Knight drop 8% (m10_31, lot 33004000); drop@Drangleic Castle(95): Old Knight drop 8% (m20_21, lot 33001100); drop@Shrine of Amana(95): Old Knight drop 8% (m20_11,m20_21, lot 33004200)	game:Chr lot id's map digits; smithbox label; area SL https://www.gamingreality.com/2014/04/dark-souls-2-suggested-levels-by-zone.html
Pates_Armor	chest	21010101	Pate's Armor	Forest of Fallen Giants	1	10	npc	Merchant Hag Melentia - Mild Mannered Pate, 5500 souls (shop 75400214)	0	0	0	0	0	0	5.9	82	93	120	150	npc@Brightstone Cove(90): NPC - Mild-mannered Pate - Survives battle againts Last Giant (lot 1744010)	game:ShopLineupParam 75400214 price; https://darksouls2.wiki.fextralife.com/Merchant+Hag+Melentia; area SL https://www.gamingreality.com/2014/04/dark-souls-2-suggested-levels-by-zone.html
Peasant_Attire	chest	22480101	Peasant Attire	Brightstone Cove	9	90	drop	Undead Peasant drop 7% (m10_14, lot 1140400)	0	0	0	0	0	0	3.8	108	28	36	150	drop@Brightstone Cove(90): Undead Peasant drop 2% (m10_14, lot 1140500); drop@Brightstone Cove(90): Undead Peasant drop 19% (m10_14, lot 14800000); drop@Brightstone Cove(90): Undead Peasant drop 7% (m10_14, lot 14801000); drop@Brightstone Cove(90): Undead Peasant drop 7% (m10_14, lot 14802000); drop@Brightstone Cove(90): Undead Peasant drop 7% (m10_14, lot 14803000); drop@Brightstone Cove(90): Porcine Peasant Phantom drop 25% (m10_14, lot 84600000)	game:Chr lot id's map digits; smithbox label; area SL https://www.gamingreality.com/2014/04/dark-souls-2-suggested-levels-by-zone.html
Penal_Straightjacket	chest	26260101	Penal Straightjacket	Sinners' Rise	10	95	boss-soul	Maughlin the Armourer - Lost Sinner, 8200 souls (shop 76100244)	0	0	0	0	0	0	6.2	120	87	100	150		game:ShopLineupParam 76100244 price; smithbox label; area SL https://www.gamingreality.com/2014/04/dark-souls-2-suggested-levels-by-zone.html
Priestess_Robe	chest	22062101	Priestess Robe	Brightstone Cove	9	90	pickup	Brightstone Cove (lot 10146040)	0	0	0	0	0	0	2.8	25	109	132	150	drop@Huntsman's Copse(55): Merciless Roenna - Huntsman's Copse drop 28% (m10_23, lot 82100000); drop@Dragon Aerie(105): Dark Priestess drop 12% (m10_27, lot 10620000)	game:ItemLotParam2_Other 10146040; smithbox label; area SL https://www.gamingreality.com/2014/04/dark-souls-2-suggested-levels-by-zone.html
Prisoners_Tatters	chest	22270101	Prisoner's Tatters	No-man's Wharf	3	35	drop	Abandoned Hollow drop 3% (m10_18,m20_24, lot 12701100)	0	0	0	0	0	0	2.2	77	47	76	150	drop@Huntsman's Copse(55): Abandoned Hollow drop 5% (m10_23,m50_37, lot 12700000); drop@Harvest Valley(60): Abandoned Hollow drop 11% (m10_17, lot 12700300); drop@Brightstone Cove(90): Abandoned Hollow drop 4% (m10_14, lot 12700200); drop@Undead Crypt(100): Abandoned Hollow drop 11% (m20_24, lot 12700100); drop@Eleum Loyce(100): Abandoned Hollow drop 2% (m50_37, lot 12701000)	game:EnemyParam+generators; smithbox label; area SL https://www.gamingreality.com/2014/04/dark-souls-2-suggested-levels-by-zone.html
Raimes_Armor	chest	26750101	Raime's Armor	Brume Tower	9	90	boss-soul	Magerold of Lanafir - Fume Knight, 12000 souls (shop 77200213)	1	0	0	0	0	0	13.6	595	130	149	175		game:ShopLineupParam 77200213 price; smithbox label; area SL https://www.gamingreality.com/2014/04/dark-souls-2-suggested-levels-by-zone.html
Rampart_Golem_Armor	chest	26590101	Rampart Golem Armor	Eleum Loyce	11	100	drop	Rampart Golem drop 17% (m50_37, lot 65900000)	1	0	0	0	0	0	15.5	58	116	118	193		game:EnemyParam+generators; smithbox label; area SL https://www.gamingreality.com/2014/04/dark-souls-2-suggested-levels-by-zone.html
Red_Lion_Warrior_Cape	chest	23081101	Red Lion Warrior Cape	Shaded Woods	8	80	drop	Lion Clan Warrior drop 16% (m10_32, lot 30810000)	0	0	0	0	0	0	1.5	144	79	125	150		game:EnemyParam+generators; smithbox label; area SL https://www.gamingreality.com/2014/04/dark-souls-2-suggested-levels-by-zone.html
Retainer_Robe	chest	26770101	Retainer Robe	Eleum Loyce	11	100	drop	Unknown drop 9% (m50_37, lot 5037300)	1	0	0	0	0	0	3.3	84	132	147	155	drop@Eleum Loyce(100): Unknown drop 9% (m50_37, lot 5037400); drop@Eleum Loyce(100): Retainer Sorcerer drop 50% (m50_37, lot 67700000); drop@Eleum Loyce(100): Retainer Sorcerer drop 91% (m50_37, lot 67701000)	game:Chr lot id's map digits; smithbox label; area SL https://www.gamingreality.com/2014/04/dark-souls-2-suggested-levels-by-zone.html
Robe_of_Judgment	chest	21350101	Robe of Judgment	Dragon Aerie	12	105	pickup	Dragon Aerie - Chest (lot 10275060)	0	0	0	0	0	0	3.9	187	99	120	150	drop@Drangleic Castle(95): Dark Stalker drop 10% (m20_21, lot 21700100)	game:ItemLotParam2_Other 10275060; smithbox label; area SL https://www.gamingreality.com/2014/04/dark-souls-2-suggested-levels-by-zone.html
Rogue_Armor	chest	22080101	Rogue Armor	Huntsman's Copse	5	55	drop	Hollow Rogue drop 7% (m10_23, lot 10800000)	0	0	0	0	0	0	3.5	55	78	99	150	drop@Huntsman's Copse(55): Hollow Rogue drop 8% (m10_23, lot 10801000); drop@Huntsman's Copse(55): Hollow Rogue drop 7% (m10_23, lot 10802000); drop@Brume Tower(90): Notched Whip Phantom drop 12% (m50_36, lot 87300000)	game:EnemyParam+generators; smithbox label; area SL https://www.gamingreality.com/2014/04/dark-souls-2-suggested-levels-by-zone.html
Royal_Soldier_Armor	chest	22021101	Royal Soldier Armor	Majula	0	1	shop	Maughlin the Armourer - 1000 Souls, 2700 souls (shop 76100212)	0	0	0	0	0	0	9.2	140	95	115	150	shop@Majula(1): Maughlin the Armourer - 1000 Souls, 2700 souls (shop 76100220)	game:ShopLineupParam 76100212 price; https://darksouls2.wiki.fextralife.com/Maughlin+the+Armourer; area SL https://www.gamingreality.com/2014/04/dark-souls-2-suggested-levels-by-zone.html
Royal_Swordsman_Armor	chest	22520101	Royal Swordsman Armor	Forest of Fallen Giants	1	10	drop	Royal Soldier drop 6% (m10_10,m10_16, lot 15200100)	0	0	0	0	0	0	11.2	115	52	92	150	drop@Lost Bastille(55): Royal Soldier drop 6% (m10_16, lot 15201100); npc@Doors of Pharros(80): Bowman Guthry drop 22% (m10_14,m10_33, lot 85300000); drop@Drangleic Castle(95): Royal Soldier drop 20% (m20_21, lot 15200000); drop@Drangleic Castle(95): Royal Soldier drop 17% (m20_21, lot 15201000); drop@Eleum Loyce(100): Maldron the Assassin - Frozen Eleum Loyce drop 14% (m50_37, lot 87110000)	game:EnemyParam+generators; smithbox label; area SL https://www.gamingreality.com/2014/04/dark-souls-2-suggested-levels-by-zone.html
Ruin_Armor	chest	23250101	Ruin Armor	Drangleic Castle	10	95	drop	Ruin Sentinel - Drangleic Castle drop 25% (m20_21, lot 2210700)	0	0	0	0	0	0	10.5	61	120	125	150		game:Chr lot id's map digits; smithbox label; area SL https://www.gamingreality.com/2014/04/dark-souls-2-suggested-levels-by-zone.html
Rusted_Mastodon_Armor	chest	23140101	Rusted Mastodon Armor	Heide's Tower of Flame	2	30	drop	Hollow Primal Knight drop 17% (m10_30, lot 31400100)	0	0	14	0	0	0	15.9	20	77	93	155	drop@Doors of Pharros(80): Hollow Primal Knight drop 17% (m10_33, lot 31400000)	game:EnemyParam+generators; smithbox label; area SL https://www.gamingreality.com/2014/04/dark-souls-2-suggested-levels-by-zone.html
Saints_Dress	chest	27690101	Saint's Dress	Heide's Tower of Flame	2	30	npc	Merchant Hag Melentia - Licia of Lindeldt, 6000 souls (shop 75400226)	0	0	0	0	0	16	2.6	62	84	119	152	npc@Heide's Tower of Flame(30): NPC - Licia of Lindeldt (lot 1769000); npc@Heide's Tower of Flame(30): Event - Licia (lot 60006000)	game:ShopLineupParam 75400226 price; https://darksouls2.wiki.fextralife.com/Merchant+Hag+Melentia; area SL https://www.gamingreality.com/2014/04/dark-souls-2-suggested-levels-by-zone.html
Sanctum_Knight_Armor	chest	26650101	Sanctum Knight Armor	Shulva	8	80	drop	Sanctum Knight drop 15% (m50_35, lot 66500000)	1	0	0	0	0	0	14.4	97	96	118	150	drop@Shulva(80): Sanctum Knight drop 9% (m50_35, lot 66501000)	game:EnemyParam+generators; smithbox label; area SL https://www.gamingreality.com/2014/04/dark-souls-2-suggested-levels-by-zone.html
Shadow_Top	chest	22230101	Shadow Top	No-man's Wharf	3	35	drop	Suspicious Shadow drop 17% (m10_18, lot 12300000)	0	0	0	0	0	0	2.6	542	117	130	150	drop@No-man's Wharf(35): Suspicious Shadow drop 17% (m10_18, lot 12302000); drop@Lost Bastille(55): Suspicious Shadow drop 17% (m10_16, lot 12300200); drop@Harvest Valley(60): Suspicious Shadow drop 17% (m10_17, lot 12300300)	game:EnemyParam+generators; smithbox label; area SL https://www.gamingreality.com/2014/04/dark-souls-2-suggested-levels-by-zone.html
Singers_Dress	chest	23040101	Singer's Dress	Shrine of Amana	10	95	pickup	Shrine of Amana (lot 20116200)	0	0	0	0	0	0	2.6	17	97	111	150		game:ItemLotParam2_Other 20116200; smithbox label; area SL https://www.gamingreality.com/2014/04/dark-souls-2-suggested-levels-by-zone.html
Smelter_Demon_Armor	chest	23050101	Smelter Demon Armor	Iron Keep	8	80	boss-soul	Maughlin the Armourer - Smelter Demon, 10000 souls (shop 76100236)	0	0	16	0	0	0	17.6	180	120	134	193		game:ShopLineupParam 76100236 price; smithbox label; area SL https://www.gamingreality.com/2014/04/dark-souls-2-suggested-levels-by-zone.html
Steel_Armor	chest	22220101	Steel Armor	Memories	13	110	pickup	Giant's Memory - Chest (lot 20105040)	0	0	0	0	0	0	14.0	206	119	128	151		game:ItemLotParam2_Other 20105040; smithbox label; area SL https://www.gamingreality.com/2014/04/dark-souls-2-suggested-levels-by-zone.html
Syans_Armor	chest	22530101	Syan's Armor	Forest of Fallen Giants	1	10	drop	Syan Knight drop 13% (m10_10,m10_32,m20_21, lot 15301000)	0	0	0	0	0	0	13.8	164	88	120	150	drop@Forest of Fallen Giants(10): Syan Knight Phantom - Forest of Fallen Giants drop 17% (m10_10, lot 84200000); drop@Heide's Tower of Flame(30): Syan Knight drop 13% (m10_23,m10_30,m20_24, lot 15300300); drop@Grave of Saints(45): Syan Knight drop 13% (m10_15,m10_34,m20_24, lot 15301300); drop@Shaded Woods(80): Syan Knight drop 13% (m10_32,m20_21, lot 15300000); drop@Shrine of Amana(95): Syan Knight drop 13% (m20_11, lot 15300200); drop@Drangleic Castle(95): Washing Pole Phantom drop 20% (m20_21, lot 85350000)	game:EnemyParam+generators; smithbox label; area SL https://www.gamingreality.com/2014/04/dark-souls-2-suggested-levels-by-zone.html
Targrays_Armor	chest	27950101	Targray's Armor	Heide's Tower of Flame	2	30	npc	Merchant Hag Melentia - Blue Sentinel Targray, 7200 souls (shop 75400238)	0	0	0	0	0	0	9.8	77	114	124	150	npc@Heide's Tower of Flame(30): NPC - Blue Sentinel Targray (lot 1785040)	game:ShopLineupParam 75400238 price; https://darksouls2.wiki.fextralife.com/Merchant+Hag+Melentia; area SL https://www.gamingreality.com/2014/04/dark-souls-2-suggested-levels-by-zone.html
Tattered_Cloth_Robe	chest	21070101	Tattered Cloth Robe	The Gutter	7	65	pickup	The Gutter (lot 10256270)	0	0	0	0	0	0	2.7	85	80	105	150	drop@No-man's Wharf(35): Dark Stalker drop 10% (m10_18, lot 21700000); drop@Shrine of Amana(95): Butcher Phantom drop 25% (m20_11, lot 83300000)	game:ItemLotParam2_Other 10256270; smithbox label; area SL https://www.gamingreality.com/2014/04/dark-souls-2-suggested-levels-by-zone.html
Throne_Defender_Armor	chest	23320101	Throne Defender Armor	Throne of Want	13	110	boss-soul	Maughlin the Armourer - Thorne Defenders, 15000 souls (shop 76100252)	0	0	0	0	0	0	13.8	272	121	144	175		game:ShopLineupParam 76100252 price; smithbox label; area SL https://www.gamingreality.com/2014/04/dark-souls-2-suggested-levels-by-zone.html
Throne_Watcher_Armor	chest	23340101	Throne Watcher Armor	Throne of Want	13	110	boss-soul	Maughlin the Armourer - Thorne Defenders, 12500 souls (shop 76100256)	0	0	0	0	0	0	11.2	479	124	144	170		game:ShopLineupParam 76100256 price; smithbox label; area SL https://www.gamingreality.com/2014/04/dark-souls-2-suggested-levels-by-zone.html
Traveling_Merchant_Coat	chest	21140101	Traveling Merchant Coat	Forest of Fallen Giants	1	10	shop	Merchant Hag Melentia, 1500 souls (shop 75400201)	0	0	0	0	0	0	7.7	31	39	54	150		game:ShopLineupParam 75400201 price; https://darksouls2.wiki.fextralife.com/Merchant+Hag+Melentia; area SL https://www.gamingreality.com/2014/04/dark-souls-2-suggested-levels-by-zone.html
Tseldora_Robe	chest	22460101	Tseldora Robe	Majula	0	1	npc	Maughlin the Armourer drop 25% (m10_04, lot 76100000)	0	0	0	0	0	0	3.0	98	53	65	150	drop@Brightstone Cove(90): Parasitized Undead drop 4% (m10_14, lot 10700000); drop@Brightstone Cove(90): Lord Tseldora drop 10% (m10_14, lot 14601000)	game:EnemyParam+generators; smithbox label; area SL https://www.gamingreality.com/2014/04/dark-souls-2-suggested-levels-by-zone.html
Varangian_Armor	chest	22130101	Varangian Armor	Heide's Tower of Flame	2	30	drop	Varangian Sailor drop 12% (m10_16,m10_18,m10_30, lot 11300000)	0	0	0	0	0	0	5.1	47	45	54	150	drop@Heide's Tower of Flame(30): Varangian Sailor drop 13% (m10_16,m10_18,m10_30, lot 11301000); drop@Heide's Tower of Flame(30): Varangian Sailor drop 11% (m10_18,m10_30, lot 11302000)	game:EnemyParam+generators; smithbox label; area SL https://www.gamingreality.com/2014/04/dark-souls-2-suggested-levels-by-zone.html
Velstadts_Armor	chest	23330101	Velstadt's Armor	Undead Crypt	11	100	boss-soul	Maughlin the Armourer - Velstadt, 13000 souls (shop 76100248)	0	0	0	0	0	0	15.2	191	122	138	160		game:ShopLineupParam 76100248 price; smithbox label; area SL https://www.gamingreality.com/2014/04/dark-souls-2-suggested-levels-by-zone.html
Vengarls_Armor	chest	23070101	Vengarl's Armor	Shaded Woods	8	80	npc	Body of Vengarl drop 33% (m10_32, lot 30700000)	0	0	0	0	0	0	15.1	275	99	114	150		game:EnemyParam+generators; smithbox label; area SL https://www.gamingreality.com/2014/04/dark-souls-2-suggested-levels-by-zone.html
Wanderer_Coat	chest	21030101	Wanderer Coat	Lost Bastille	5	55	pickup	Lost Bastille (lot 10166490)	0	0	0	0	0	0	3.5	230	59	80	150	drop@Lost Bastille(55): Unknown drop 25% (m10_16, lot 1160000)	game:ItemLotParam2_Other 10166490; smithbox label; area SL https://www.gamingreality.com/2014/04/dark-souls-2-suggested-levels-by-zone.html
White_Hollow_Mage_Robe	chest	22182101	White Hollow Mage Robe	Brightstone Cove	9	90	drop	White Hollow Mage drop 7% (m10_14, lot 11820000)	0	0	0	0	0	0	2.8	45	87	132	150		game:EnemyParam+generators; smithbox label; area SL https://www.gamingreality.com/2014/04/dark-souls-2-suggested-levels-by-zone.html
White_Priest_Robe	chest	22060101	White Priest Robe	Brightstone Cove	9	90	shop	Cromwell the Pardoner, 5000 souls (shop 78400201)	0	0	0	0	0	0	3.3	42	125	147	150		game:ShopLineupParam 78400201 price; https://darksouls2.wiki.fextralife.com/Cromwell+the+Pardoner; area SL https://www.gamingreality.com/2014/04/dark-souls-2-suggested-levels-by-zone.html
Xanthous_Overcoat	chest	21340101	Xanthous Overcoat	Dark Chasm of Old	10	95	covenant	Covenant - Pilgrims of Dark 3 (lot 2006013)	0	0	0	0	0	0	3.9	87	115	133	155		game:ItemLotParam2_Other 2006013; smithbox label; area SL https://www.gamingreality.com/2014/04/dark-souls-2-suggested-levels-by-zone.html
Agdaynes_Cuffs	hands	25060102	Agdayne's Cuffs	Undead Crypt	11	100	npc	Merchant Hag Melentia - Grave Warden Agdayne, 4800 souls (shop 75400205)	0	0	0	0	0	0	2.9	303	123	140	150	npc@Undead Crypt(100): NPC - Grave Warden Agdayne (lot 1506000)	game:ShopLineupParam 75400205 price; https://darksouls2.wiki.fextralife.com/Merchant+Hag+Melentia; area SL https://www.gamingreality.com/2014/04/dark-souls-2-suggested-levels-by-zone.html
Alonne_Knight_Gauntlets	hands	23061102	Alonne Knight Gauntlets	Iron Keep	8	80	drop	Alonne Captain drop 12% (m10_19, lot 1190000)	0	0	0	0	0	0	6.7	313	103	120	155	drop@Iron Keep(80): Alonne Captain drop 20% (m10_19,m50_36, lot 30600000); drop@Iron Keep(80): Alonne Captain drop 12% (m10_19,m50_36, lot 30601000); drop@Iron Keep(80): Alonne Knight drop 22% (m10_19,m50_36, lot 31900000); drop@Iron Keep(80): Alonne Knight drop 13% (m10_19,m50_36, lot 31901000); drop@Drangleic Castle(95): Alonne Captain drop 15% (m20_21, lot 30601100)	game:Chr lot id's map digits; smithbox label; area SL https://www.gamingreality.com/2014/04/dark-souls-2-suggested-levels-by-zone.html
Alonnes_Gauntlets	hands	26800102	Alonne's Gauntlets	Brume Tower	9	90	boss-soul	Magerold of Lanafir - Sir Alonne, 16800 souls (shop 77200218)	1	0	0	0	0	0	3.0	368	117	125	150		game:ShopLineupParam 77200218 price; smithbox label; area SL https://www.gamingreality.com/2014/04/dark-souls-2-suggested-levels-by-zone.html
Alva_Gauntlets	hands	21490102	Alva Gauntlets	Majula	2	30	shop	Maughlin the Armourer - 15000 Souls, 6000 souls (shop 76100229)	0	0	0	0	0	0	2.9	867	96	113	150		game:ShopLineupParam 76100229 price; https://darksouls2.wiki.fextralife.com/Maughlin+the+Armourer; SL assumed; area SL https://www.gamingreality.com/2014/04/dark-souls-2-suggested-levels-by-zone.html
Archdrake_Gloves	hands	22310102	Archdrake Gloves	Shrine of Amana	10	95	drop	Lindelt Cleric drop 9% (m20_11, lot 13100000)	0	0	0	0	0	0	3.2	89	120	129	150		game:EnemyParam+generators; smithbox label; area SL https://www.gamingreality.com/2014/04/dark-souls-2-suggested-levels-by-zone.html
Astrologists_Gauntlets	hands	21230102	Astrologist's Gauntlets	Aldia's Keep	11	100	shop	Royal Sorcerer Navlaan, 4200 souls (shop 77100202)	0	0	0	0	0	0	1.7	21	99	108	150	drop@Brume Tower(90): Astrologer drop 20% (m50_36, lot 87200000)	game:ShopLineupParam 77100202 price; https://darksouls2.wiki.fextralife.com/Royal+Sorcerer+Navlaan; area SL https://www.gamingreality.com/2014/04/dark-souls-2-suggested-levels-by-zone.html
Bandit_Gauntlets	hands	22110102	Bandit Gauntlets	Iron Keep	8	80	shop	Magerold of Lanafir, 1200 souls (shop 77200202)	0	0	0	0	0	0	2.8	79	65	79	150		game:ShopLineupParam 77200202 price; https://darksouls2.wiki.fextralife.com/Magerold+of+Lanafir; area SL https://www.gamingreality.com/2014/04/dark-souls-2-suggested-levels-by-zone.html
Bell_Keeper_Cuffs	hands	27530102	Bell Keeper Cuffs	Belfry Luna	5	55	covenant	Covenant - Bell Keepers 3 (lot 2004013)	0	0	0	0	0	0	2.5	24	70	72	150		game:ItemLotParam2_Other 2004013; smithbox label; area SL https://www.gamingreality.com/2014/04/dark-souls-2-suggested-levels-by-zone.html
Benharts_Gauntlets	hands	27430102	Benhart's Gauntlets	Forest of Fallen Giants	1	10	npc	Merchant Hag Melentia - Benhart of Jugo, 5900 souls (shop 75400211)	0	0	0	0	0	0	5.5	68	99	120	150	npc@Forest of Fallen Giants(10): NPC - Benhart of Jugo (lot 1743000)	game:ShopLineupParam 75400211 price; https://darksouls2.wiki.fextralife.com/Merchant+Hag+Melentia; area SL https://www.gamingreality.com/2014/04/dark-souls-2-suggested-levels-by-zone.html
Black_Dragon_Gauntlets	hands	21330102	Black Dragon Gauntlets	Iron Keep	8	80	covenant	Dragon Remnants rank 2	0	0	0	0	0	0	1.8	50	55	87	150		https://darksouls2.wiki.fextralife.com/Black+Dragon+Set; area SL https://www.gamingreality.com/2014/04/dark-souls-2-suggested-levels-by-zone.html
Black_Gloves	hands	27680102	Black Gloves	Lost Bastille	5	55	npc	Merchant Hag Melentia - Straid of Olaphis, 4200 souls (shop 75400223)	0	0	0	0	16	0	1.0	194	110	130	157	npc@Lost Bastille(55): NPC - Straid of Olaphis (lot 1768000)	game:ShopLineupParam 75400223 price; https://darksouls2.wiki.fextralife.com/Merchant+Hag+Melentia; area SL https://www.gamingreality.com/2014/04/dark-souls-2-suggested-levels-by-zone.html
Black_Leather_Gloves	hands	21020102	Black Leather Gloves	Earthen Peak	7	65	shop	Laddersmith Gilligan - Earthen Peak, 800 souls (shop 70400202)	0	0	0	0	0	0	1.8	286	93	120	150	shop@Earthen Peak(65): Laddersmith Gilligan - Majula, 1000 souls (shop 70400206)	game:ShopLineupParam 70400202 price; https://darksouls2.wiki.fextralife.com/Laddersmith+Gilligan; area SL https://www.gamingreality.com/2014/04/dark-souls-2-suggested-levels-by-zone.html
Black_Witch_Gloves	hands	21500102	Black Witch Gloves	Aldia's Keep	11	100	shop	Royal Sorcerer Navlaan, 5600 souls (shop 77100206)	0	0	0	0	0	0	1.7	279	108	133	150	drop@The Gutter(65): Gutter Denizen drop 25% (m10_25, lot 88700000)	game:ShopLineupParam 77100206 price; https://darksouls2.wiki.fextralife.com/Royal+Sorcerer+Navlaan; area SL https://www.gamingreality.com/2014/04/dark-souls-2-suggested-levels-by-zone.html
Bone_King_Cuffs	hands	22540102	Bone King Cuffs	Huntsman's Copse	5	55	boss-soul	Titchy Gren - Skeleton Lords, 4200 souls (shop 78300202)	0	0	0	0	0	0	1.9	106	100	122	150		game:ShopLineupParam 78300202 price; smithbox label; area SL https://www.gamingreality.com/2014/04/dark-souls-2-suggested-levels-by-zone.html
Brigand_Gauntlets	hands	21080102	Brigand Gauntlets	No-man's Wharf	3	35	pickup	No-man's Wharf - Chest (lot 10185040)	0	0	0	0	0	0	1.8	57	69	101	150		game:ItemLotParam2_Other 10185040; smithbox label; area SL https://www.gamingreality.com/2014/04/dark-souls-2-suggested-levels-by-zone.html
Catarina_Gauntlets	hands	21480102	Catarina Gauntlets	Brume Tower	9	90	pickup	Brume Tower - Chest (lot 50365530)	1	0	0	0	0	0	6.9	124	100	121	175	drop@Forest of Fallen Giants(10): Catarina Knight Phantom drop 17% (m10_10, lot 84400000); pickup@Brume Tower(90): Brume Tower - Chest (lot 50365540)	game:ItemLotParam2_Other 50365530; smithbox label; area SL https://www.gamingreality.com/2014/04/dark-souls-2-suggested-levels-by-zone.html
Chaos_Gloves	hands	27710102	Chaos Gloves	Aldia's Keep	11	100	npc	Merchant Hag Melentia - Royal Sorcerer Navlaan, 4200 souls (shop 75400234)	0	0	0	0	16	16	1.0	74	136	148	160	npc@Aldia's Keep(100): NPC - Royal Sorcerer Navlaan - Gift (lot 1771000)	game:ShopLineupParam 75400234 price; https://darksouls2.wiki.fextralife.com/Merchant+Hag+Melentia; area SL https://www.gamingreality.com/2014/04/dark-souls-2-suggested-levels-by-zone.html
Charred_Loyce_Gauntlets	hands	26890102	Charred Loyce Gauntlets	Eleum Loyce	11	100	drop	Charred Loyce Knight drop 11% (m50_37, lot 68900000)	1	0	0	0	0	0	4.5	108	120	140	155		game:EnemyParam+generators; smithbox label; area SL https://www.gamingreality.com/2014/04/dark-souls-2-suggested-levels-by-zone.html
Creightons_Chain_Gloves	hands	27420102	Creighton's Chain Gloves	Huntsman's Copse	5	55	npc	Merchant Hag Melentia - Creighton the Wanderer, 5100 souls (shop 75400207)	0	0	0	0	0	0	3.4	125	120	128	150	npc@Huntsman's Copse(55): NPC - Creighton the Wanderer (lot 1742010)	game:ShopLineupParam 75400207 price; https://darksouls2.wiki.fextralife.com/Merchant+Hag+Melentia; area SL https://www.gamingreality.com/2014/04/dark-souls-2-suggested-levels-by-zone.html
Dark_Gauntlets	hands	22360102	Dark Gauntlets	Harvest Valley	6	60	drop	Mimic - Earthen Peak drop 50% (m10_17, lot 1173000)	0	0	0	0	0	0	5.8	262	108	125	151		game:Chr lot id's map digits; smithbox label; area SL https://www.gamingreality.com/2014/04/dark-souls-2-suggested-levels-by-zone.html
Desert_Sorceress_Gloves	hands	23160102	Desert Sorceress Gloves	Harvest Valley	6	60	drop	Desert Sorceress drop 3% (m10_17, lot 31600000)	0	0	0	0	0	0	1.5	311	81	119	150	drop@Drangleic Castle(95): Desert Sorceress drop 12% (m20_21, lot 31600100)	game:EnemyParam+generators; smithbox label; area SL https://www.gamingreality.com/2014/04/dark-souls-2-suggested-levels-by-zone.html
Dingy_Cuffs	hands	21390102	Dingy Cuffs	Grave of Saints	4	45	drop	Dingy Cleric Phantom drop 25% (m10_34, lot 83100000)	0	0	0	0	0	0	1.2	24	126	140	150		game:EnemyParam+generators; smithbox label; area SL https://www.gamingreality.com/2014/04/dark-souls-2-suggested-levels-by-zone.html
Dragon_Acolyte_Gloves	hands	23170102	Dragon Acolyte Gloves	Aldia's Keep	11	100	drop	Dragon Acolyte drop 13% (m10_15, lot 31700000)	0	0	0	0	0	0	1.6	47	133	137	150		game:EnemyParam+generators; smithbox label; area SL https://www.gamingreality.com/2014/04/dark-souls-2-suggested-levels-by-zone.html
Dragonrider_Gauntlets	hands	26100102	Dragonrider Gauntlets	Iron Keep	14	120	ng+	Magerold of Lanafir - NG+2, 8000 souls (shop 77200210)	0	1	0	0	0	0	6.2	102	100	118	150		game:ShopLineupParam 77200210 price; smithbox label; area SL https://www.gamingreality.com/2014/04/dark-souls-2-suggested-levels-by-zone.html
Drakeblood_Gauntlets	hands	21600102	Drakeblood Gauntlets	Shulva	8	80	pickup	Shulva (lot 50356520)	1	0	0	0	0	0	4.6	281	107	125	155		game:ItemLotParam2_Other 50356520; smithbox label; area SL https://www.gamingreality.com/2014/04/dark-souls-2-suggested-levels-by-zone.html
Drakekeeper_Gauntlets	hands	23310102	Drakekeeper Gauntlets	Drangleic Castle	10	95	drop	Drakekeeper Knight Phantom drop 20% (m20_21, lot 85320000)	0	0	0	0	0	0	8.4	346	120	125	159	drop@Dragon Aerie(105): Drakekeeper drop 7% (m10_27, lot 33100000); drop@Dragon Aerie(105): Drakekeeper drop 8% (m10_27, lot 33101000); drop@Dragon Aerie(105): Drakekeeper drop 8% (m10_27, lot 33103000); drop@Dragon Aerie(105): Drakekeeper drop 7% (m10_27, lot 33104000)	game:EnemyParam+generators; smithbox label; area SL https://www.gamingreality.com/2014/04/dark-souls-2-suggested-levels-by-zone.html
Drangleic_Gauntlets	hands	27240102	Drangleic Gauntlets	Forest of Fallen Giants	1	10	pickup	Forest of Fallen Giants (lot 10106290)	0	0	0	0	0	0	6.2	369	78	97	150		game:ItemLotParam2_Other 10106290; smithbox label; area SL https://www.gamingreality.com/2014/04/dark-souls-2-suggested-levels-by-zone.html
Elite_Knight_Gloves	hands	21060102	Elite Knight Gloves	Majula	0	1	shop	Maughlin the Armourer - 1000 Souls, 2500 souls (shop 76100217)	0	0	0	0	0	0	3.7	455	76	106	150	shop@Majula(1): Maughlin the Armourer - 1000 Souls, 2500 souls (shop 76100225); drop@Eleum Loyce(100): Wall Watchman - Greatsword drop 19% (m50_37, lot 88310000); drop@Eleum Loyce(100): Wall Watchman - Drakekeeper's Warpick drop 19% (m50_37, lot 88320000)	game:ShopLineupParam 76100217 price; https://darksouls2.wiki.fextralife.com/Maughlin+the+Armourer; area SL https://www.gamingreality.com/2014/04/dark-souls-2-suggested-levels-by-zone.html
Engraved_Gauntlets	hands	21440102	Engraved Gauntlets	Brightstone Cove	9	90	pickup	Brightstone Cove - Chest - Pate's Fight Room (lot 10145080)	0	0	12	12	0	0	5.5	1861	110	125	155		game:ItemLotParam2_Other 10145080; smithbox label; area SL https://www.gamingreality.com/2014/04/dark-souls-2-suggested-levels-by-zone.html
Executioner_Gauntlets	hands	26180102	Executioner Gauntlets	Shrine of Winter	10	95	shop	Titchy Gren - Shrine of Winter, 6000 souls (shop 78300206)	0	0	0	0	0	0	2.7	137	89	110	150		game:ShopLineupParam 78300206 price; smithbox label; area SL https://www.gamingreality.com/2014/04/dark-souls-2-suggested-levels-by-zone.html
Falconer_Gloves	hands	23130102	Falconer Gloves	Majula	0	1	shop	Maughlin the Armourer, 1050 souls (shop 76100206)	0	0	0	0	0	0	3.2	62	36	46	142	drop@Things Betwixt(1): Hollow Falconer drop 20% (m10_02, lot 31302000); drop@Things Betwixt(1): Hollow Falconer drop 17% (m10_02, lot 31303000); drop@Shaded Woods(80): Hollow Falconer drop 17% (m10_32, lot 31300200); drop@Shaded Woods(80): Hollow Falconer drop 17% (m10_32, lot 31301200); drop@Shaded Woods(80): Hollow Falconer drop 17% (m10_32, lot 31303200); drop@Brightstone Cove(90): Hollow Falconer drop 17% (m10_14, lot 31300100); drop@Brightstone Cove(90): Hollow Falconer drop 17% (m10_14, lot 31301100); drop@Brightstone Cove(90): Hollow Falconer drop 17% (m10_14, lot 31303100)	game:ShopLineupParam 76100206 price; https://darksouls2.wiki.fextralife.com/Maughlin+the+Armourer; area SL https://www.gamingreality.com/2014/04/dark-souls-2-suggested-levels-by-zone.html
Faraam_Gauntlets	hands	21320102	Faraam Gauntlets	Drangleic Castle	10	95	pickup	Drangleic Castle (lot 20216010)	0	0	0	0	0	0	4.7	663	110	125	150	drop@Eleum Loyce(100): Exile Brave - Faraam drop 21% (m50_37, lot 88500000)	game:ItemLotParam2_Other 20216010; smithbox label; area SL https://www.gamingreality.com/2014/04/dark-souls-2-suggested-levels-by-zone.html
Fume_Sorcerer_Gloves	hands	26510102	Fume Sorcerer Gloves	Brume Tower	9	90	drop	Fume Sorcerer drop 17% (m50_36, lot 65100000)	1	0	0	0	0	0	2.8	39	35	120	150		game:EnemyParam+generators; smithbox label; area SL https://www.gamingreality.com/2014/04/dark-souls-2-suggested-levels-by-zone.html
Gauntlets_of_Aurous	hands	21361102	Gauntlets of Aurous	The Gutter	7	65	pickup	The Gutter - Chest (lot 10255110)	0	0	0	0	0	0	3.2	266	73	100	150	drop@No-man's Wharf(35): Aurous Phantom drop 17% (m10_18, lot 85400000)	game:ItemLotParam2_Other 10255110; smithbox label; area SL https://www.gamingreality.com/2014/04/dark-souls-2-suggested-levels-by-zone.html
Gauntlets_of_Aurous_Transparent	hands	21360102	Gauntlets of Aurous	Majula	2	30	npc	NPC - Maughlin the Armourer (lot 1761000)	0	0	0	0	0	0	1.2	17	48	73	147	npc@Grave of Saints(45): Rhoy the Explorer drop 17% (m10_34, lot 84920000)	game:ItemLotParam2_Other 1761000; smithbox label; area SL https://www.gamingreality.com/2014/04/dark-souls-2-suggested-levels-by-zone.html
Gauntlets_of_the_Forlorn	hands	26940102	Gauntlets of the Forlorn	Lost Bastille	5	55	npc	Straid of Olaphis - 2 Forlorn, 6300 souls (shop 76800202)	0	0	0	0	0	0	5.5	175	99	122	154		game:ShopLineupParam 76800202 price; smithbox label; area SL https://www.gamingreality.com/2014/04/dark-souls-2-suggested-levels-by-zone.html
Grave_Warden_Cuffs	hands	23120102	Grave Warden Cuffs	Harvest Valley	6	60	drop	Grave Warden drop 17% (m10_17, lot 31201100)	0	0	0	0	0	0	2.2	51	95	113	150	drop@Harvest Valley(60): Grave Warden drop 17% (m10_17, lot 31203100); drop@Undead Crypt(100): Grave Warden drop 17% (m20_24, lot 31200000); drop@Undead Crypt(100): Grave Warden drop 17% (m20_24, lot 31202100); drop@Undead Crypt(100): Grave Warden drop 17% (m20_24, lot 31203200)	game:EnemyParam+generators; smithbox label; area SL https://www.gamingreality.com/2014/04/dark-souls-2-suggested-levels-by-zone.html
Gyrm_Gloves	hands	22340102	Gyrm Gloves	Shaded Woods	8	80	drop	Gyrm drop 12% (m10_29,m10_33, lot 13400000)	0	0	0	0	0	0	3.6	103	55	75	150		game:EnemyParam+generators; smithbox label; area SL https://www.gamingreality.com/2014/04/dark-souls-2-suggested-levels-by-zone.html
Gyrm_Warrior_Gloves	hands	22350102	Gyrm Warrior Gloves	Doors of Pharros	8	80	drop	Unknown drop 14% (m10_33, lot 1330000)	0	0	14	0	0	0	5.4	80	78	94	150	drop@Doors of Pharros(80): Gyrm Warrior drop 12% (m10_33, lot 1330100); drop@Doors of Pharros(80): Gyrm Warrior drop 14% (m10_33, lot 1330200); drop@Doors of Pharros(80): Gyrm Warrior drop 12% (m10_33, lot 1330300); drop@Doors of Pharros(80): Gyrm Warrior drop 13% (m10_33, lot 13500000); drop@Doors of Pharros(80): Gyrm Warrior drop 12% (m10_33, lot 13501000); drop@Doors of Pharros(80): Gyrm Warrior drop 13% (m10_33, lot 13503000); drop@Doors of Pharros(80): Gyrm Warrior drop 12% (m10_33, lot 13504000)	game:Chr lot id's map digits; smithbox label; area SL https://www.gamingreality.com/2014/04/dark-souls-2-suggested-levels-by-zone.html
Hard_Leather_Gauntlets	hands	27440102	Hard Leather Gauntlets	Majula	0	1	shop	Maughlin the Armourer, 940 souls (shop 76100202)	0	0	0	0	0	0	3.8	75	31	59	150		game:ShopLineupParam 76100202 price; https://darksouls2.wiki.fextralife.com/Maughlin+the+Armourer; area SL https://www.gamingreality.com/2014/04/dark-souls-2-suggested-levels-by-zone.html
Havels_Gauntlets	hands	21160102	Havel's Gauntlets	The Gutter	7	65	pickup	The Gutter (lot 10256000)	0	0	20	0	0	0	11.5	2346	126	149	170		game:ItemLotParam2_Other 10256000; smithbox label; area SL https://www.gamingreality.com/2014/04/dark-souls-2-suggested-levels-by-zone.html
Heide_Knight_Gauntlets	hands	23010102	Heide Knight Gauntlets	Forest of Fallen Giants	1	10	drop	Unknown drop 20% (m10_10, lot 1100201)	0	0	0	0	0	0	5.4	446	98	121	151	drop@Heide's Tower of Flame(30): Heide Knight drop 14% (m10_31, lot 30100100); drop@Heide's Tower of Flame(30): Heide Knight drop 14% (m10_31, lot 30101100); drop@Huntsman's Copse(55): Unknown drop 20% (m10_23, lot 1230001); drop@The Gutter(65): Heide Knight - The Gutter drop 20% (m10_25, lot 1250501)	game:Chr lot id's map digits; smithbox label; area SL https://www.gamingreality.com/2014/04/dark-souls-2-suggested-levels-by-zone.html
Hexers_Gloves	hands	27700102	Hexer's Gloves	Huntsman's Copse	5	55	npc	Merchant Hag Melentia - Felkin the Outcast, 4200 souls (shop 75400231)	0	0	0	0	0	0	1.0	237	77	99	150	npc@Huntsman's Copse(55): NPC - Felkin the Outcast (lot 1770000)	game:ShopLineupParam 75400231 price; https://darksouls2.wiki.fextralife.com/Merchant+Hag+Melentia; area SL https://www.gamingreality.com/2014/04/dark-souls-2-suggested-levels-by-zone.html
Hollow_Infantry_Gloves	hands	22030102	Hollow Infantry Gloves	Forest of Fallen Giants	1	10	drop	Hollow Infantry drop 8% (m10_10, lot 1105000)	0	0	0	0	0	0	2.8	9	24	30	150	drop@Forest of Fallen Giants(10): Hollow Infantry drop 8% (m10_10, lot 1105100); drop@Forest of Fallen Giants(10): Hollow Infantry drop 7% (m10_10, lot 1105200); drop@Forest of Fallen Giants(10): Hollow Infantry drop 8% (m10_10, lot 1105300); drop@Forest of Fallen Giants(10): Hollow Infantry drop 7% (m10_10, lot 1105400); drop@Forest of Fallen Giants(10): Hollow Infantry drop 14% (m10_10,m10_30, lot 10300000); drop@Forest of Fallen Giants(10): Hollow Infantry drop 12% (m10_10, lot 10301000); drop@Forest of Fallen Giants(10): Hollow Infantry drop 11% (m10_10, lot 10302000); drop@Forest of Fallen Giants(10): Hollow Infantry drop 12% (m10_10, lot 10303000); drop@Forest of Fallen Giants(10): Hollow Infantry drop 11% (m10_10, lot 10304000); drop@Heide's Tower of Flame(30): Hollow Infantry drop 11% (m10_18,m10_30, lot 10302200); drop@Heide's Tower of Flame(30): Hollow Infantry drop 12% (m10_18,m10_30, lot 10303200); drop@Heide's Tower of Flame(30): Hollow Infantry drop 11% (m10_18,m10_30, lot 10305100)	game:Chr lot id's map digits; smithbox label; area SL https://www.gamingreality.com/2014/04/dark-souls-2-suggested-levels-by-zone.html
Hollow_Soldier_Gauntlets	hands	22020102	Hollow Soldier Gauntlets	Forest of Fallen Giants	1	10	drop	Hollow Solider drop 4% (m10_10, lot 1100100)	0	0	0	0	0	0	3.2	12	80	123	150	drop@Forest of Fallen Giants(10): Hollow Soldier drop 12% (m10_10, lot 10200000); drop@Forest of Fallen Giants(10): Hollow Soldier drop 12% (m10_10, lot 10201000); drop@Forest of Fallen Giants(10): Hollow Soldier drop 12% (m10_10, lot 10202000); drop@Forest of Fallen Giants(10): Hollow Soldier drop 12% (m10_10, lot 10203000); drop@Forest of Fallen Giants(10): Hollow Soldier drop 12% (m10_10, lot 10204000)	game:Chr lot id's map digits; smithbox label; area SL https://www.gamingreality.com/2014/04/dark-souls-2-suggested-levels-by-zone.html
Imperious_Gloves	hands	25110102	Imperious Gloves	Undead Crypt	11	100	drop	Imperious Knight drop 17% (m20_24, lot 51100000)	0	0	0	0	0	0	6.0	49	104	120	151		game:EnemyParam+generators; smithbox label; area SL https://www.gamingreality.com/2014/04/dark-souls-2-suggested-levels-by-zone.html
Imported_Manchettes	hands	21100102	Imported Manchettes	Things Betwixt	0	1	drop	Foreign Wanderer Phantom drop 17% (m10_02,m10_04, lot 83700000)	0	0	0	0	0	0	1.8	135	56	90	150		game:EnemyParam+generators; smithbox label; area SL https://www.gamingreality.com/2014/04/dark-souls-2-suggested-levels-by-zone.html
Infantry_Gloves	hands	22031102	Infantry Gloves	Majula	0	1	shop	Maughlin the Armourer, 750 souls (shop 76100209)	0	0	0	0	0	0	2.8	30	70	125	156		game:ShopLineupParam 76100209 price; https://darksouls2.wiki.fextralife.com/Maughlin+the+Armourer; area SL https://www.gamingreality.com/2014/04/dark-souls-2-suggested-levels-by-zone.html
Insolent_Gloves	hands	25100102	Insolent Gloves	Undead Crypt	11	100	drop	Insolent Knight drop 5% (m20_24, lot 2240200)	0	0	0	0	0	0	5.8	64	95	100	150		game:Chr lot id's map digits; smithbox label; area SL https://www.gamingreality.com/2014/04/dark-souls-2-suggested-levels-by-zone.html
Ironclad_Gauntlets	hands	22510102	Ironclad Gauntlets	Iron Keep	8	80	drop	Ironclad Soldier drop 10% (m10_19,m20_10, lot 15100000)	0	0	14	0	0	0	9.4	123	69	112	150		game:EnemyParam+generators; smithbox label; area SL https://www.gamingreality.com/2014/04/dark-souls-2-suggested-levels-by-zone.html
Ivory_King_Gauntlets	hands	26900102	Ivory King Gauntlets	Eleum Loyce	11	100	boss-soul	Maughlin the Armourer - Burnt Ivory King, 50 Loyce Souls, 16800 souls (shop 76100265)	1	0	0	0	0	0	5.0	82	106	125	177		game:ShopLineupParam 76100265 price; smithbox label; area SL https://www.gamingreality.com/2014/04/dark-souls-2-suggested-levels-by-zone.html
Jesters_Gloves	hands	21210102	Jester's Gloves	Iron Keep	8	80	shop	Magerold of Lanafir, 2300 souls (shop 77200206)	0	0	0	14	0	0	2.3	227	91	110	154		game:ShopLineupParam 77200206 price; https://darksouls2.wiki.fextralife.com/Magerold+of+Lanafir; area SL https://www.gamingreality.com/2014/04/dark-souls-2-suggested-levels-by-zone.html
Kings_Gauntlets	hands	25130102	King's Gauntlets	Shrine of Amana	10	95	pickup	Shrine of Amana - Chest (lot 20115070)	0	0	14	12	0	0	4.2	304	139	150	175		game:ItemLotParam2_Other 20115070; smithbox label; area SL https://www.gamingreality.com/2014/04/dark-souls-2-suggested-levels-by-zone.html
Knight_Gauntlets	hands	21050102	Knight Gauntlets	Heide's Tower of Flame	2	30	pickup	Unseen Path to Heide - Chest (lot 10305010)	0	0	0	0	0	0	3.5	161	63	90	150	drop@Forest of Fallen Giants(10): Knight Phantom - Forest of Fallen Giants drop 17% (m10_10, lot 84300000); drop@Eleum Loyce(100): Wall Watchman - Drakekeeper's Sword drop 19% (m50_37, lot 88300000)	game:ItemLotParam2_Other 10305010; smithbox label; area SL https://www.gamingreality.com/2014/04/dark-souls-2-suggested-levels-by-zone.html
Leather_Gloves	hands	21040102	Leather Gloves	Forest of Fallen Giants	1	10	pickup	Forest of Fallen Giants - Chest - Soldier's Rest (lot 10105120)	0	0	0	0	0	0	2.8	91	36	54	150		game:ItemLotParam2_Other 10105120; smithbox label; area SL https://www.gamingreality.com/2014/04/dark-souls-2-suggested-levels-by-zone.html
Leydia_Gauntlets	hands	25120102	Leydia Gauntlets	Brightstone Cove	9	90	drop	Dual Wielding Swordsman Phantom drop 18% (m10_14, lot 84800000)	0	0	0	0	0	0	1.2	73	84	96	150	drop@Undead Crypt(100): Leydia Pyromancer drop 17% (m20_24, lot 51200000)	game:EnemyParam+generators; smithbox label; area SL https://www.gamingreality.com/2014/04/dark-souls-2-suggested-levels-by-zone.html
Lion_Mage_Cuffs	hands	22190102	Lion Mage Cuffs	Shaded Woods	8	80	pickup	Shaded Woods - Chest (lot 10325040)	0	0	0	0	0	0	1.4	752	89	120	150		game:ItemLotParam2_Other 10325040; smithbox label; area SL https://www.gamingreality.com/2014/04/dark-souls-2-suggested-levels-by-zone.html
Lion_Warrior_Cuffs	hands	23080102	Lion Warrior Cuffs	Shaded Woods	8	80	drop	Lion Clan Warrior drop 15% (m10_32, lot 1320200)	0	0	0	0	0	0	1.3	62	75	100	150	drop@Shaded Woods(80): Lion Clan Warrior drop 13% (m10_32, lot 30800000); drop@Shaded Woods(80): Lion Clan Warrior drop 16% (m10_32, lot 30810000)	game:Chr lot id's map digits; smithbox label; area SL https://www.gamingreality.com/2014/04/dark-souls-2-suggested-levels-by-zone.html
Llewellyn_Gloves	hands	27210102	Llewellyn Gloves	Drangleic Castle	10	95	npc	NPC - Chancellor Wellager (lot 1721000)	0	0	0	0	0	0	3.1	427	112	130	159		game:ItemLotParam2_Other 1721000; smithbox label; area SL https://www.gamingreality.com/2014/04/dark-souls-2-suggested-levels-by-zone.html
Looking_Glass_Gauntlets	hands	25040102	Looking Glass Gauntlets	Drangleic Castle	10	95	boss-soul	Maughlin the Armourer - Looking Glass Knight, 9500 souls (shop 76100241)	0	0	16	0	0	0	10.4	289	122	147	155		game:ShopLineupParam 76100241 price; smithbox label; area SL https://www.gamingreality.com/2014/04/dark-souls-2-suggested-levels-by-zone.html
Loyce_Gauntlets	hands	26880102	Loyce Gauntlets	Eleum Loyce	11	100	npc	NPC - Alsanna, Silent Oracle (lot 1788000)	1	0	0	0	0	0	4.4	171	120	150	155		game:ItemLotParam2_Other 1788000; smithbox label; area SL https://www.gamingreality.com/2014/04/dark-souls-2-suggested-levels-by-zone.html
Lucatiels_Gloves	hands	27520102	Lucatiel's Gloves	Heide's Tower of Flame	2	30	npc	Merchant Hag Melentia - Lucatiel of Mirrah, 5200 souls (shop 75400220)	0	0	0	0	0	0	2.0	74	52	82	150	npc@Aldia's Keep(100): NPC - Lucatiel of Mirrah - Gift (lot 1752000)	game:ShopLineupParam 75400220 price; https://darksouls2.wiki.fextralife.com/Merchant+Hag+Melentia; area SL https://www.gamingreality.com/2014/04/dark-souls-2-suggested-levels-by-zone.html
Mad_Warrior_Gauntlet	hands	27550102	Mad Warrior Gauntlets	Brume Tower	9	90	pickup	Brume Tower (lot 50366730)	1	0	0	0	0	0	7.4	103	110	127	150	drop@Iron Keep(80): Mad Warrior Phantom drop 20% (m10_19, lot 83600000); drop@Brume Tower(90): Prowler drop 20% (m50_36, lot 88100000); drop@Brume Tower(90): Prowler drop 20% (m50_36, lot 88200000)	game:ItemLotParam2_Other 50366730; smithbox label; area SL https://www.gamingreality.com/2014/04/dark-souls-2-suggested-levels-by-zone.html
Manchettes_of_Judgment	hands	21350102	Manchettes of Judgment	Dragon Aerie	12	105	pickup	Dragon Aerie - Chest (lot 10275060)	0	0	0	0	0	0	1.8	182	115	130	153	drop@Drangleic Castle(95): Dark Stalker drop 10% (m20_21, lot 21700100)	game:ItemLotParam2_Other 10275060; smithbox label; area SL https://www.gamingreality.com/2014/04/dark-souls-2-suggested-levels-by-zone.html
Manikin_Gloves	hands	22240102	Manikin Gloves	Harvest Valley	6	60	drop	Manikin drop 19% (m10_17, lot 12400000)	0	0	0	0	0	0	1.2	47	70	80	150	drop@Harvest Valley(60): Manikin drop 16% (m10_17, lot 12401000); drop@Harvest Valley(60): Manikin drop 16% (m10_17, lot 12402000); drop@Harvest Valley(60): Manikin drop 12% (m10_17, lot 12403000); drop@Drangleic Castle(95): Manikin drop 19% (m20_21, lot 12400100)	game:EnemyParam+generators; smithbox label; area SL https://www.gamingreality.com/2014/04/dark-souls-2-suggested-levels-by-zone.html
Mastodon_Gauntlets	hands	23150102	Mastodon Gauntlets	Drangleic Castle	10	95	drop	Primal Knight drop 15% (m20_21, lot 31500000)	0	0	16	0	0	0	8.8	112	99	121	154		game:EnemyParam+generators; smithbox label; area SL https://www.gamingreality.com/2014/04/dark-souls-2-suggested-levels-by-zone.html
Monastery_Long_Gloves	hands	21370102	Monastery Long Gloves	Aldia's Keep	11	100	drop	Painting Guardian Phantom - Aldia's Keep drop 20% (m10_15, lot 85000000)	0	0	0	0	0	0	0.9	154	100	125	150		game:EnemyParam+generators; smithbox label; area SL https://www.gamingreality.com/2014/04/dark-souls-2-suggested-levels-by-zone.html
Moon_Butterfly_Cuffs	hands	21470102	Moon Butterfly Cuffs	Majula	14	120	ng+	Maughlin the Armourer - 15000 Souls, NG+2, 10000 souls (shop 76100261)	0	1	0	0	0	0	0.8	125	67	92	150		game:ShopLineupParam 76100261 price; smithbox label; area SL https://www.gamingreality.com/2014/04/dark-souls-2-suggested-levels-by-zone.html
Northwarder_Manchettes	hands	21610102	Northwarder Manchettes	Eleum Loyce	11	100	pickup	Eleum Loyce (lot 50376560)	1	0	0	0	0	0	1.0	238	106	125	155		game:ItemLotParam2_Other 50376560; smithbox label; area SL https://www.gamingreality.com/2014/04/dark-souls-2-suggested-levels-by-zone.html
Old_Ironclad_Gauntlets	hands	22512102	Old Ironclad Gauntlets	Forest of Fallen Giants	1	10	drop	Ironclad Soldier drop 22% (m10_10, lot 15120000)	0	0	14	0	0	0	9.4	21	99	105	155		game:EnemyParam+generators; smithbox label; area SL https://www.gamingreality.com/2014/04/dark-souls-2-suggested-levels-by-zone.html
Old_Knight_Gauntlets	hands	23300102	Old Knight Gauntlets	Heide's Tower of Flame	2	30	drop	Old Knight drop 3% (m10_31, lot 1310000)	0	0	0	0	0	0	8.2	129	95	109	150	drop@Heide's Tower of Flame(30): Old Knight drop 3% (m10_31, lot 1310100); drop@Heide's Tower of Flame(30): Unknown drop 3% (m10_31, lot 1310200); drop@Heide's Tower of Flame(30): Unknown drop 3% (m10_31, lot 1310300); drop@Heide's Tower of Flame(30): Old Knight drop 3% (m10_31, lot 1310400); drop@Heide's Tower of Flame(30): Old Knight drop 7% (m10_31, lot 33000000); drop@Heide's Tower of Flame(30): Old Knight drop 8% (m10_30,m10_31, lot 33001000); drop@Heide's Tower of Flame(30): Old Knight drop 8% (m10_31, lot 33004000); drop@Drangleic Castle(95): Old Knight drop 8% (m20_21, lot 33001100); drop@Shrine of Amana(95): Old Knight drop 8% (m20_11,m20_21, lot 33004200)	game:Chr lot id's map digits; smithbox label; area SL https://www.gamingreality.com/2014/04/dark-souls-2-suggested-levels-by-zone.html
Pates_Gloves	hands	21010102	Pate's Gloves	Forest of Fallen Giants	1	10	npc	Merchant Hag Melentia - Mild Mannered Pate, 3800 souls (shop 75400215)	0	0	0	0	0	0	3.5	26	88	102	150	npc@Brightstone Cove(90): NPC - Mild-mannered Pate - Survives battle againts Last Giant (lot 1744010)	game:ShopLineupParam 75400215 price; https://darksouls2.wiki.fextralife.com/Merchant+Hag+Melentia; area SL https://www.gamingreality.com/2014/04/dark-souls-2-suggested-levels-by-zone.html
Peasant_Long_Gloves	hands	22480102	Peasant Long Gloves	Brightstone Cove	9	90	drop	Undead Peasant drop 2% (m10_14, lot 1140400)	0	0	0	0	0	0	1.8	142	32	50	150	drop@Brightstone Cove(90): Undead Peasant drop 2% (m10_14, lot 1140500); drop@Brightstone Cove(90): Undead Peasant drop 6% (m10_14, lot 14800000); drop@Brightstone Cove(90): Undead Peasant drop 7% (m10_14, lot 14801000); drop@Brightstone Cove(90): Undead Peasant drop 7% (m10_14, lot 14802000); drop@Brightstone Cove(90): Undead Peasant drop 7% (m10_14, lot 14803000); drop@Brightstone Cove(90): Porcine Peasant Phantom drop 25% (m10_14, lot 84600000)	game:Chr lot id's map digits; smithbox label; area SL https://www.gamingreality.com/2014/04/dark-souls-2-suggested-levels-by-zone.html
Penal_Handcuffs	hands	26260102	Penal Handcuffs	Sinners' Rise	10	95	boss-soul	Maughlin the Armourer - Lost Sinner, 6800 souls (shop 76100245)	0	0	0	0	0	0	4.8	408	99	125	151		game:ShopLineupParam 76100245 price; smithbox label; area SL https://www.gamingreality.com/2014/04/dark-souls-2-suggested-levels-by-zone.html
Priestess_Gloves	hands	22062102	Priestess Gloves	Brightstone Cove	9	90	pickup	Brightstone Cove (lot 10146040)	0	0	0	0	0	0	0.9	13	95	133	152	drop@Huntsman's Copse(55): Merciless Roenna - Huntsman's Copse drop 28% (m10_23, lot 82100000); drop@Shrine of Amana(95): Peculiar Kindalur - Shrine of Amana drop 26% (m20_11, lot 82200300); drop@Dragon Aerie(105): Dark Priestess drop 12% (m10_27, lot 10620000)	game:ItemLotParam2_Other 10146040; smithbox label; area SL https://www.gamingreality.com/2014/04/dark-souls-2-suggested-levels-by-zone.html
Prisoners_Gloves	hands	22270102	Prisoner's Gloves	No-man's Wharf	3	35	drop	Abandoned Hollow drop 3% (m10_18,m20_24, lot 12701100)	0	0	0	0	0	0	1.0	39	65	96	150	drop@Grave of Saints(45): Abandoned Hollow drop 10% (m10_34, lot 33700300); drop@Huntsman's Copse(55): Abandoned Hollow drop 5% (m10_23,m50_37, lot 12700000); drop@Huntsman's Copse(55): Abandoned Hollow drop 5% (m10_23, lot 33700000); drop@Huntsman's Copse(55): Abandoned Hollow drop 2% (m10_23, lot 33701000); drop@Huntsman's Copse(55): Abandoned Hollow drop 5% (m10_23, lot 33702000); drop@Harvest Valley(60): Abandoned Hollow drop 11% (m10_17, lot 12700300); drop@The Gutter(65): Abandoned Hollow drop 5% (m10_25, lot 33700200); drop@The Gutter(65): Abandoned Hollow drop 2% (m10_25, lot 33701100); drop@The Gutter(65): Abandoned Hollow drop 5% (m10_25, lot 33702100); drop@Brightstone Cove(90): Abandoned Hollow drop 4% (m10_14, lot 12700200); drop@Undead Crypt(100): Abandoned Hollow drop 11% (m20_24, lot 12700100); drop@Eleum Loyce(100): Abandoned Hollow drop 2% (m50_37, lot 12701000)	game:EnemyParam+generators; smithbox label; area SL https://www.gamingreality.com/2014/04/dark-souls-2-suggested-levels-by-zone.html
Raimes_Gauntlets	hands	26750102	Raime's Gauntlets	Brume Tower	9	90	boss-soul	Magerold of Lanafir - Fume Knight, 8400 souls (shop 77200214)	1	0	0	0	0	0	5.0	360	126	150	173		game:ShopLineupParam 77200214 price; smithbox label; area SL https://www.gamingreality.com/2014/04/dark-souls-2-suggested-levels-by-zone.html
Rampart_Golem_Gauntlets	hands	26590102	Rampart Golem Gauntlets	Eleum Loyce	11	100	drop	Rampart Golem drop 17% (m50_37, lot 65900000)	1	0	0	0	0	0	8.2	54	124	140	163		game:EnemyParam+generators; smithbox label; area SL https://www.gamingreality.com/2014/04/dark-souls-2-suggested-levels-by-zone.html
Rogue_Gauntlets	hands	22080102	Rogue Gauntlets	Huntsman's Copse	5	55	drop	Hollow Rogue drop 7% (m10_23, lot 10800000)	0	0	0	0	0	0	1.8	88	93	116	150	drop@Huntsman's Copse(55): Hollow Rogue drop 8% (m10_23, lot 10801000); drop@Huntsman's Copse(55): Hollow Rogue drop 7% (m10_23, lot 10802000); drop@Brume Tower(90): Notched Whip Phantom drop 19% (m50_36, lot 87300000)	game:EnemyParam+generators; smithbox label; area SL https://www.gamingreality.com/2014/04/dark-souls-2-suggested-levels-by-zone.html
Royal_Soldier_Gauntlets	hands	22021102	Royal Soldier Gauntlets	Majula	0	1	shop	Maughlin the Armourer - 1000 Souls, 1900 souls (shop 76100213)	0	0	0	0	0	0	3.8	149	82	119	150	shop@Majula(1): Maughlin the Armourer - 1000 Souls, 1900 souls (shop 76100221)	game:ShopLineupParam 76100213 price; https://darksouls2.wiki.fextralife.com/Maughlin+the+Armourer; area SL https://www.gamingreality.com/2014/04/dark-souls-2-suggested-levels-by-zone.html
Royal_Swordsman_Gloves	hands	22520102	Royal Swordsman Gloves	Forest of Fallen Giants	1	10	drop	Royal Soldier drop 6% (m10_10,m10_16, lot 15200100)	0	0	0	0	0	0	6.1	178	64	97	150	drop@Lost Bastille(55): Royal Soldier drop 6% (m10_16, lot 15201100); npc@Doors of Pharros(80): Bowman Guthry drop 22% (m10_14,m10_33, lot 85300000); drop@Drangleic Castle(95): Royal Soldier drop 20% (m20_21, lot 15200000); drop@Drangleic Castle(95): Royal Soldier drop 17% (m20_21, lot 15201000); drop@Eleum Loyce(100): Maldron the Assassin - Frozen Eleum Loyce drop 14% (m50_37, lot 87110000)	game:EnemyParam+generators; smithbox label; area SL https://www.gamingreality.com/2014/04/dark-souls-2-suggested-levels-by-zone.html
Ruin_Gauntlets	hands	23250102	Ruin Gauntlets	Drangleic Castle	10	95	drop	Ruin Sentinel - Drangleic Castle drop 25% (m20_21, lot 2210700)	0	0	0	0	0	0	6.2	61	101	121	150		game:Chr lot id's map digits; smithbox label; area SL https://www.gamingreality.com/2014/04/dark-souls-2-suggested-levels-by-zone.html
Rusted_Mastodon_Gauntlets	hands	23140102	Rusted Mastodon Gauntlets	Heide's Tower of Flame	2	30	drop	Hollow Primal Knight drop 17% (m10_30, lot 31400100)	0	0	14	0	0	0	7.8	21	78	104	155	drop@Doors of Pharros(80): Hollow Primal Knight drop 17% (m10_33, lot 31400000)	game:EnemyParam+generators; smithbox label; area SL https://www.gamingreality.com/2014/04/dark-souls-2-suggested-levels-by-zone.html
Saints_Long_Gloves	hands	27690102	Saint's Long Gloves	Heide's Tower of Flame	2	30	npc	Merchant Hag Melentia - Licia of Lindeldt, 4200 souls (shop 75400227)	0	0	0	0	0	16	1.0	70	90	120	150	npc@Heide's Tower of Flame(30): NPC - Licia of Lindeldt (lot 1769000); npc@Heide's Tower of Flame(30): Event - Licia (lot 60006000)	game:ShopLineupParam 75400227 price; https://darksouls2.wiki.fextralife.com/Merchant+Hag+Melentia; area SL https://www.gamingreality.com/2014/04/dark-souls-2-suggested-levels-by-zone.html
Sanctum_Knight_Gauntlets	hands	26650102	Sanctum Knight Gauntlets	Shulva	8	80	drop	Sanctum Knight drop 15% (m50_35, lot 66500000)	1	0	0	0	0	0	6.0	72	89	121	150	drop@Shulva(80): Sanctum Knight drop 9% (m50_35, lot 66501000)	game:EnemyParam+generators; smithbox label; area SL https://www.gamingreality.com/2014/04/dark-souls-2-suggested-levels-by-zone.html
Sanctum_Soldier_Gauntlet	hands	26660102	Sanctum Soldier Gauntlet	Shulva	8	80	drop	Sanctum Soldier drop 12% (m50_35, lot 66600000)	1	0	0	0	0	0	3.5	456	66	90	150	drop@Shulva(80): Sanctum Soldier drop 11% (m50_35, lot 66601000); drop@Shulva(80): Sanctum Soldier drop 11% (m50_35, lot 66602000); drop@Shulva(80): Sanctum Soldier drop 11% (m50_35, lot 66604000); drop@Shulva(80): Sanctum Soldier drop 11% (m50_35, lot 66605000)	game:EnemyParam+generators; smithbox label; area SL https://www.gamingreality.com/2014/04/dark-souls-2-suggested-levels-by-zone.html
Shadow_Gauntlets	hands	22230102	Shadow Gauntlets	No-man's Wharf	3	35	drop	Suspicious Shadow drop 17% (m10_18, lot 12300000)	0	0	0	16	0	0	1.6	679	99	119	150	drop@No-man's Wharf(35): Suspicious Shadow drop 17% (m10_18, lot 12302000); drop@Lost Bastille(55): Suspicious Shadow drop 17% (m10_16, lot 12300200); drop@Harvest Valley(60): Suspicious Shadow drop 17% (m10_17, lot 12300300)	game:EnemyParam+generators; smithbox label; area SL https://www.gamingreality.com/2014/04/dark-souls-2-suggested-levels-by-zone.html
Smelter_Demon_Gauntlets	hands	23050102	Smelter Demon Gauntlets	Iron Keep	8	80	boss-soul	Maughlin the Armourer - Smelter Demon, 8500 souls (shop 76100237)	0	0	16	0	0	0	10.4	399	114	125	160		game:ShopLineupParam 76100237 price; smithbox label; area SL https://www.gamingreality.com/2014/04/dark-souls-2-suggested-levels-by-zone.html
Steel_Gauntlets	hands	22220102	Steel Gauntlets	Memories	13	110	pickup	Giant's Memory - Chest (lot 20105040)	0	0	0	0	0	0	8.3	268	119	138	155		game:ItemLotParam2_Other 20105040; smithbox label; area SL https://www.gamingreality.com/2014/04/dark-souls-2-suggested-levels-by-zone.html
Syans_Gauntlets	hands	22530102	Syan's Gauntlets	Forest of Fallen Giants	1	10	drop	Syan Knight drop 13% (m10_10,m10_32,m20_21, lot 15301000)	0	0	0	0	0	0	5.2	137	75	100	150	drop@Forest of Fallen Giants(10): Syan Knight Phantom - Forest of Fallen Giants drop 17% (m10_10, lot 84200000); drop@Heide's Tower of Flame(30): Syan Knight drop 13% (m10_23,m10_30,m20_24, lot 15300300); drop@Grave of Saints(45): Syan Knight drop 13% (m10_15,m10_34,m20_24, lot 15301300); drop@Shaded Woods(80): Syan Knight drop 13% (m10_32,m20_21, lot 15300000); drop@Shrine of Amana(95): Syan Knight drop 13% (m20_11, lot 15300200); drop@Drangleic Castle(95): Washing Pole Phantom drop 20% (m20_21, lot 85350000)	game:EnemyParam+generators; smithbox label; area SL https://www.gamingreality.com/2014/04/dark-souls-2-suggested-levels-by-zone.html
Targrays_Manifers	hands	27950102	Targray's Manifers	Heide's Tower of Flame	2	30	npc	Merchant Hag Melentia - Blue Sentinel Targray, 5400 souls (shop 75400239)	0	0	0	0	0	0	3.3	112	105	120	150	npc@Heide's Tower of Flame(30): NPC - Blue Sentinel Targray (lot 1785040)	game:ShopLineupParam 75400239 price; https://darksouls2.wiki.fextralife.com/Merchant+Hag+Melentia; area SL https://www.gamingreality.com/2014/04/dark-souls-2-suggested-levels-by-zone.html
Tattered_Cloth_Manchettes	hands	21070102	Tattered Cloth Manchettes	The Gutter	7	65	pickup	The Gutter (lot 10256270)	0	0	0	0	0	0	1.6	105	91	132	150	drop@No-man's Wharf(35): Dark Stalker drop 10% (m10_18, lot 21700000); drop@Shrine of Amana(95): Butcher Phantom drop 25% (m20_11, lot 83300000)	game:ItemLotParam2_Other 10256270; smithbox label; area SL https://www.gamingreality.com/2014/04/dark-souls-2-suggested-levels-by-zone.html
Throne_Defender_Gauntlets	hands	23320102	Throne Defender Gauntlets	Throne of Want	13	110	boss-soul	Maughlin the Armourer - Thorne Defenders, 12600 souls (shop 76100253)	0	0	0	0	0	0	4.2	154	115	140	155		game:ShopLineupParam 76100253 price; smithbox label; area SL https://www.gamingreality.com/2014/04/dark-souls-2-suggested-levels-by-zone.html
Throne_Watcher_Gauntlets	hands	23340102	Throne Watcher Gauntlets	Throne of Want	13	110	boss-soul	Maughlin the Armourer - Thorne Defenders, 10200 souls (shop 76100257)	0	0	0	0	0	0	4.1	216	113	135	155		game:ShopLineupParam 76100257 price; smithbox label; area SL https://www.gamingreality.com/2014/04/dark-souls-2-suggested-levels-by-zone.html
Traveling_Merchant_Gloves	hands	21140102	Traveling Merchant Gloves	Forest of Fallen Giants	1	10	shop	Merchant Hag Melentia, 1000 souls (shop 75400202)	0	0	0	0	0	0	3.8	31	34	37	127		game:ShopLineupParam 75400202 price; https://darksouls2.wiki.fextralife.com/Merchant+Hag+Melentia; area SL https://www.gamingreality.com/2014/04/dark-souls-2-suggested-levels-by-zone.html
Tseldora_Manchettes	hands	22460102	Tseldora Manchettes	Majula	0	1	npc	Maughlin the Armourer drop 25% (m10_04, lot 76100000)	0	0	0	0	0	0	2.0	107	54	71	150	drop@Brightstone Cove(90): Parasitized Undead drop 4% (m10_14, lot 10700000); drop@Brightstone Cove(90): Lord Tseldora drop 10% (m10_14, lot 14601000)	game:EnemyParam+generators; smithbox label; area SL https://www.gamingreality.com/2014/04/dark-souls-2-suggested-levels-by-zone.html
Varangian_Cuffs	hands	22130102	Varangian Cuffs	Heide's Tower of Flame	2	30	drop	Varangian Sailor drop 12% (m10_16,m10_18,m10_30, lot 11300000)	0	0	0	0	0	0	1.8	47	46	60	158	drop@Heide's Tower of Flame(30): Varangian Sailor drop 13% (m10_16,m10_18,m10_30, lot 11301000); drop@Heide's Tower of Flame(30): Varangian Sailor drop 11% (m10_18,m10_30, lot 11302000)	game:EnemyParam+generators; smithbox label; area SL https://www.gamingreality.com/2014/04/dark-souls-2-suggested-levels-by-zone.html
Velstadts_Gauntlets	hands	23330102	Velstadt's Gauntlets	Undead Crypt	11	100	boss-soul	Maughlin the Armourer - Velstadt, 10700 souls (shop 76100249)	0	0	0	0	0	0	5.0	411	124	143	154		game:ShopLineupParam 76100249 price; smithbox label; area SL https://www.gamingreality.com/2014/04/dark-souls-2-suggested-levels-by-zone.html
Vengarls_Gloves	hands	23070102	Vengarl's Gloves	Shaded Woods	8	80	npc	Body of Vengarl drop 33% (m10_32, lot 30700000)	0	0	0	0	0	0	5.3	241	95	105	150		game:EnemyParam+generators; smithbox label; area SL https://www.gamingreality.com/2014/04/dark-souls-2-suggested-levels-by-zone.html
Wanderer_Manchette	hands	21030102	Wanderer Manchettes	Lost Bastille	5	55	pickup	Lost Bastille (lot 10166490)	0	0	0	0	0	0	2.1	183	45	64	150	drop@Lost Bastille(55): Unknown drop 25% (m10_16, lot 1160000)	game:ItemLotParam2_Other 10166490; smithbox label; area SL https://www.gamingreality.com/2014/04/dark-souls-2-suggested-levels-by-zone.html
White_Priest_Gloves	hands	22060102	White Priest Gloves	Brightstone Cove	9	90	shop	Cromwell the Pardoner, 4600 souls (shop 78400202)	0	0	0	0	0	0	1.1	17	110	138	150		game:ShopLineupParam 78400202 price; https://darksouls2.wiki.fextralife.com/Cromwell+the+Pardoner; area SL https://www.gamingreality.com/2014/04/dark-souls-2-suggested-levels-by-zone.html
Xanthous_Gloves	hands	21340102	Xanthous Gloves	Dark Chasm of Old	10	95	covenant	Covenant - Pilgrims of Dark 3 (lot 2006013)	0	0	0	0	0	0	2.3	62	113	126	155		game:ItemLotParam2_Other 2006013; smithbox label; area SL https://www.gamingreality.com/2014/04/dark-souls-2-suggested-levels-by-zone.html
Agdaynes_Kilt	legs	25060103	Agdayne's Kilt	Undead Crypt	11	100	npc	NPC - Grave Warden Agdayne (lot 1506000)	0	0	0	0	0	0	2.9	170	85	120	150	npc@Undead Crypt(100): Grave Warden Agdayne drop 100% (m20_24, lot 50650000)	game:ItemLotParam2_Other 1506000; smithbox label; area SL https://www.gamingreality.com/2014/04/dark-souls-2-suggested-levels-by-zone.html
Alonne_Knight_Leggings	legs	23061103	Alonne Knight Leggings	Iron Keep	8	80	drop	Alonne Captain drop 12% (m10_19, lot 1190000)	0	0	0	0	0	0	9.8	535	100	120	155	drop@Iron Keep(80): Alonne Captain drop 20% (m10_19,m50_36, lot 30600000); drop@Iron Keep(80): Alonne Captain drop 12% (m10_19,m50_36, lot 30601000); drop@Iron Keep(80): Alonne Knight drop 22% (m10_19,m50_36, lot 31900000); drop@Iron Keep(80): Alonne Knight drop 13% (m10_19,m50_36, lot 31901000); drop@Drangleic Castle(95): Alonne Captain drop 15% (m20_21, lot 30601100)	game:Chr lot id's map digits; smithbox label; area SL https://www.gamingreality.com/2014/04/dark-souls-2-suggested-levels-by-zone.html
Alonnes_Leggings	legs	26800103	Alonne's Leggings	Brume Tower	9	90	boss-soul	Magerold of Lanafir - Sir Alonne, 19200 souls (shop 77200219)	1	0	0	0	0	0	5.5	490	110	125	150		game:ShopLineupParam 77200219 price; smithbox label; area SL https://www.gamingreality.com/2014/04/dark-souls-2-suggested-levels-by-zone.html
Alva_Leggings	legs	21490103	Alva Leggings	Majula	2	30	shop	Maughlin the Armourer - 15000 Souls, 7100 souls (shop 76100230)	0	0	0	0	0	0	5.2	1027	100	120	150		game:ShopLineupParam 76100230 price; https://darksouls2.wiki.fextralife.com/Maughlin+the+Armourer; SL assumed; area SL https://www.gamingreality.com/2014/04/dark-souls-2-suggested-levels-by-zone.html
Archdrake_Boots	legs	22310103	Archdrake Boots	Shrine of Amana	10	95	drop	Lindelt Cleric drop 9% (m20_11, lot 13100000)	0	0	0	0	0	0	4.7	58	107	117	150		game:EnemyParam+generators; smithbox label; area SL https://www.gamingreality.com/2014/04/dark-souls-2-suggested-levels-by-zone.html
Astrologists_Bottoms	legs	21230103	Astrologist's Bottoms	Aldia's Keep	11	100	shop	Royal Sorcerer Navlaan, 4800 souls (shop 77100203)	0	0	0	0	0	0	3.0	21	81	99	151	drop@Brume Tower(90): Astrologer drop 20% (m50_36, lot 87200000)	game:ShopLineupParam 77100203 price; https://darksouls2.wiki.fextralife.com/Royal+Sorcerer+Navlaan; area SL https://www.gamingreality.com/2014/04/dark-souls-2-suggested-levels-by-zone.html
Bandit_Boots	legs	22110103	Bandit Boots	Iron Keep	8	80	shop	Magerold of Lanafir, 1300 souls (shop 77200203)	0	0	0	0	0	0	2.8	78	56	73	150		game:ShopLineupParam 77200203 price; https://darksouls2.wiki.fextralife.com/Magerold+of+Lanafir; area SL https://www.gamingreality.com/2014/04/dark-souls-2-suggested-levels-by-zone.html
Bell_Keeper_Trousers	legs	27530103	Bell Keeper Trousers	Belfry Luna	5	55	covenant	Covenant - Bell Keepers 3 (lot 2004013)	0	0	0	0	0	0	4.0	16	71	75	150		game:ItemLotParam2_Other 2004013; smithbox label; area SL https://www.gamingreality.com/2014/04/dark-souls-2-suggested-levels-by-zone.html
Benharts_Boots	legs	27430103	Benhart's Boots	Forest of Fallen Giants	1	10	npc	Merchant Hag Melentia - Benhart of Jugo, 6400 souls (shop 75400212)	0	0	0	0	0	0	6.5	160	102	125	150	npc@Forest of Fallen Giants(10): NPC - Benhart of Jugo (lot 1743000)	game:ShopLineupParam 75400212 price; https://darksouls2.wiki.fextralife.com/Merchant+Hag+Melentia; area SL https://www.gamingreality.com/2014/04/dark-souls-2-suggested-levels-by-zone.html
Black_Boots	legs	27680103	Black Boots	Lost Bastille	5	55	npc	Merchant Hag Melentia - Straid of Olaphis, 4800 souls (shop 75400224)	0	0	0	0	16	0	2.0	239	119	139	155	npc@Lost Bastille(55): NPC - Straid of Olaphis (lot 1768000)	game:ShopLineupParam 75400224 price; https://darksouls2.wiki.fextralife.com/Merchant+Hag+Melentia; area SL https://www.gamingreality.com/2014/04/dark-souls-2-suggested-levels-by-zone.html
Black_Dragon_Leggings	legs	21330103	Black Dragon Leggings	Iron Keep	8	80	covenant	Dragon Remnants rank 2	0	0	0	0	0	0	2.7	51	55	89	150		https://darksouls2.wiki.fextralife.com/Black+Dragon+Set; area SL https://www.gamingreality.com/2014/04/dark-souls-2-suggested-levels-by-zone.html
Black_Leather_Boots	legs	21020103	Black Leather Boots	Earthen Peak	7	65	shop	Laddersmith Gilligan - Earthen Peak, 880 souls (shop 70400203)	0	0	0	0	0	0	2.2	596	95	108	150	shop@Earthen Peak(65): Laddersmith Gilligan - Majula, 1100 souls (shop 70400207)	game:ShopLineupParam 70400203 price; https://darksouls2.wiki.fextralife.com/Laddersmith+Gilligan; area SL https://www.gamingreality.com/2014/04/dark-souls-2-suggested-levels-by-zone.html
Black_Witch_Trousers	legs	21500103	Black Witch Trousers	Aldia's Keep	11	100	shop	Royal Sorcerer Navlaan, 6500 souls (shop 77100207)	0	0	0	0	0	0	1.7	150	103	119	151	drop@The Gutter(65): Gutter Denizen drop 25% (m10_25, lot 88700000)	game:ShopLineupParam 77100207 price; https://darksouls2.wiki.fextralife.com/Royal+Sorcerer+Navlaan; area SL https://www.gamingreality.com/2014/04/dark-souls-2-suggested-levels-by-zone.html
Blood_Stained_Skirt	legs	21390103	Blood-Stained Skirt	Grave of Saints	4	45	drop	Dingy Cleric Phantom drop 25% (m10_34, lot 83100000)	0	0	0	0	0	0	2.5	67	110	133	150		game:EnemyParam+generators; smithbox label; area SL https://www.gamingreality.com/2014/04/dark-souls-2-suggested-levels-by-zone.html
Bone_King_Skirt	legs	22540103	Bone King Skirt	Huntsman's Copse	5	55	boss-soul	Titchy Gren - Skeleton Lords, 4800 souls (shop 78300203)	0	0	0	0	0	0	2.9	224	77	115	150		game:ShopLineupParam 78300203 price; smithbox label; area SL https://www.gamingreality.com/2014/04/dark-souls-2-suggested-levels-by-zone.html
Brigand_Trousers	legs	21080103	Brigand Trousers	No-man's Wharf	3	35	pickup	No-man's Wharf - Chest (lot 10185040)	0	0	0	0	0	0	1.8	53	66	90	150		game:ItemLotParam2_Other 10185040; smithbox label; area SL https://www.gamingreality.com/2014/04/dark-souls-2-suggested-levels-by-zone.html
Cales_Shoes	legs	27510103	Cale's Shoes	Forest of Fallen Giants	1	10	npc	Merchant Hag Melentia - Cale the Cartographer, 5200 souls (shop 75400218)	0	0	0	0	0	0	3.0	84	101	123	150	npc@Forest of Fallen Giants(10): NPC - Cale the Cartographer - All flames (lot 1751010)	game:ShopLineupParam 75400218 price; https://darksouls2.wiki.fextralife.com/Merchant+Hag+Melentia; area SL https://www.gamingreality.com/2014/04/dark-souls-2-suggested-levels-by-zone.html
Catarina_Leggings	legs	21480103	Catarina Leggings	Brume Tower	9	90	pickup	Brume Tower - Chest (lot 50365530)	1	0	0	0	0	0	6.9	140	98	119	176	drop@Forest of Fallen Giants(10): Catarina Knight Phantom drop 17% (m10_10, lot 84400000); pickup@Brume Tower(90): Brume Tower - Chest (lot 50365540)	game:ItemLotParam2_Other 50365530; smithbox label; area SL https://www.gamingreality.com/2014/04/dark-souls-2-suggested-levels-by-zone.html
Chaos_Boots	legs	27710103	Chaos Boots	Aldia's Keep	11	100	npc	Merchant Hag Melentia - Royal Sorcerer Navlaan, 4800 souls (shop 75400235)	0	0	0	0	16	16	2.0	214	145	150	155	npc@Aldia's Keep(100): NPC - Royal Sorcerer Navlaan - Gift (lot 1771000)	game:ShopLineupParam 75400235 price; https://darksouls2.wiki.fextralife.com/Merchant+Hag+Melentia; area SL https://www.gamingreality.com/2014/04/dark-souls-2-suggested-levels-by-zone.html
Charred_Loyce_Leggings	legs	26890103	Charred Loyce Leggings	Eleum Loyce	11	100	drop	Charred Loyce Knight drop 11% (m50_37, lot 68900000)	1	0	0	0	0	0	7.8	97	120	144	150		game:EnemyParam+generators; smithbox label; area SL https://www.gamingreality.com/2014/04/dark-souls-2-suggested-levels-by-zone.html
Creightons_Chain_Leggings	legs	27420103	Creighton's Chain Leggings	Huntsman's Copse	5	55	npc	Merchant Hag Melentia - Creighton the Wanderer, 6200 souls (shop 75400208)	0	0	0	0	0	0	4.5	92	107	125	150	npc@Huntsman's Copse(55): NPC - Creighton the Wanderer (lot 1742010)	game:ShopLineupParam 75400208 price; https://darksouls2.wiki.fextralife.com/Merchant+Hag+Melentia; area SL https://www.gamingreality.com/2014/04/dark-souls-2-suggested-levels-by-zone.html
Dark_Leggings	legs	22360103	Dark Leggings	Doors of Pharros	8	80	drop	Unknown drop 50% (m10_33, lot 1333000)	0	0	0	0	0	0	5.8	296	98	121	150	drop@Brightstone Cove(90): Mimic - Brightstone Cove Tseldora drop 50% (m10_14, lot 1143000)	game:Chr lot id's map digits; smithbox label; area SL https://www.gamingreality.com/2014/04/dark-souls-2-suggested-levels-by-zone.html
Desert_Sorceress_Skirt	legs	23160103	Desert Sorceress Skirt	Harvest Valley	6	60	drop	Desert Sorceress drop 3% (m10_17, lot 31600000)	0	0	0	0	0	0	2.4	413	100	124	150	drop@Drangleic Castle(95): Desert Sorceress drop 12% (m20_21, lot 31600100)	game:EnemyParam+generators; smithbox label; area SL https://www.gamingreality.com/2014/04/dark-souls-2-suggested-levels-by-zone.html
Dragon_Acolyte_Boots	legs	23170103	Dragon Acolyte Boots	Aldia's Keep	11	100	drop	Dragon Acolyte drop 13% (m10_15, lot 31700000)	0	0	0	0	0	0	2.4	76	90	120	150		game:EnemyParam+generators; smithbox label; area SL https://www.gamingreality.com/2014/04/dark-souls-2-suggested-levels-by-zone.html
Dragonrider_Leggings	legs	26100103	Dragonrider Leggings	Iron Keep	14	120	ng+	Magerold of Lanafir - NG+2, 9300 souls (shop 77200211)	0	1	0	0	0	0	7.4	98	103	120	150		game:ShopLineupParam 77200211 price; smithbox label; area SL https://www.gamingreality.com/2014/04/dark-souls-2-suggested-levels-by-zone.html
Drakeblood_Leggings	legs	21600103	Drakeblood Leggings	Shulva	8	80	pickup	Shulva (lot 50356520)	1	0	0	0	0	0	7.8	346	107	132	155		game:ItemLotParam2_Other 50356520; smithbox label; area SL https://www.gamingreality.com/2014/04/dark-souls-2-suggested-levels-by-zone.html
Drakekeeper_Boots	legs	23310103	Drakekeeper Boots	Drangleic Castle	10	95	drop	Drakekeeper Knight Phantom drop 20% (m20_21, lot 85320000)	0	0	0	0	0	0	8.4	316	120	125	155	drop@Dragon Aerie(105): Drakekeeper drop 7% (m10_27, lot 33100000); drop@Dragon Aerie(105): Drakekeeper drop 8% (m10_27, lot 33101000); drop@Dragon Aerie(105): Drakekeeper drop 8% (m10_27, lot 33103000); drop@Dragon Aerie(105): Drakekeeper drop 7% (m10_27, lot 33104000)	game:EnemyParam+generators; smithbox label; area SL https://www.gamingreality.com/2014/04/dark-souls-2-suggested-levels-by-zone.html
Drangleic_Leggings	legs	27240103	Drangleic Leggings	Forest of Fallen Giants	1	10	pickup	Forest of Fallen Giants (lot 10106290)	0	0	0	0	0	0	7.6	522	78	100	150		game:ItemLotParam2_Other 10106290; smithbox label; area SL https://www.gamingreality.com/2014/04/dark-souls-2-suggested-levels-by-zone.html
Elite_Knight_Leggings	legs	21060103	Elite Knight Leggings	Majula	0	1	shop	Maughlin the Armourer - 1000 Souls, 2900 souls (shop 76100218)	0	0	0	0	0	0	6.9	719	76	106	150	shop@Majula(1): Maughlin the Armourer - 1000 Souls, 2900 souls (shop 76100226); drop@Eleum Loyce(100): Wall Watchman - Greatsword drop 19% (m50_37, lot 88310000); drop@Eleum Loyce(100): Wall Watchman - Drakekeeper's Warpick drop 19% (m50_37, lot 88320000)	game:ShopLineupParam 76100218 price; https://darksouls2.wiki.fextralife.com/Maughlin+the+Armourer; area SL https://www.gamingreality.com/2014/04/dark-souls-2-suggested-levels-by-zone.html
Executioner_Leggings	legs	26180103	Executioner Leggings	Shrine of Winter	10	95	shop	Titchy Gren - Shrine of Winter, 6700 souls (shop 78300207)	0	0	0	0	0	0	2.7	174	100	125	150		game:ShopLineupParam 78300207 price; smithbox label; area SL https://www.gamingreality.com/2014/04/dark-souls-2-suggested-levels-by-zone.html
Falconer_Boots	legs	23130103	Falconer Boots	Majula	0	1	shop	Maughlin the Armourer, 1200 souls (shop 76100207)	0	0	0	0	0	0	5.8	69	40	54	150	drop@Things Betwixt(1): Hollow Falconer drop 20% (m10_02, lot 31302000); drop@Things Betwixt(1): Hollow Falconer drop 17% (m10_02, lot 31303000); drop@Shaded Woods(80): Hollow Falconer drop 17% (m10_32, lot 31300200); drop@Shaded Woods(80): Hollow Falconer drop 17% (m10_32, lot 31301200); drop@Shaded Woods(80): Hollow Falconer drop 17% (m10_32, lot 31303200); drop@Brightstone Cove(90): Hollow Falconer drop 17% (m10_14, lot 31300100); drop@Brightstone Cove(90): Hollow Falconer drop 17% (m10_14, lot 31301100); drop@Brightstone Cove(90): Hollow Falconer drop 17% (m10_14, lot 31303100)	game:ShopLineupParam 76100207 price; https://darksouls2.wiki.fextralife.com/Maughlin+the+Armourer; area SL https://www.gamingreality.com/2014/04/dark-souls-2-suggested-levels-by-zone.html
Faraam_Boots	legs	21320103	Faraam Boots	Drangleic Castle	10	95	pickup	Drangleic Castle (lot 20216010)	0	0	0	0	0	0	7.9	746	113	125	152	drop@Eleum Loyce(100): Exile Brave - Faraam drop 21% (m50_37, lot 88500000)	game:ItemLotParam2_Other 20216010; smithbox label; area SL https://www.gamingreality.com/2014/04/dark-souls-2-suggested-levels-by-zone.html
Flower_Skirt	legs	21690103	Flower Skirt	Shulva	8	80	pickup	Shulva - Chest (lot 50355180)	1	0	0	0	0	0	1.7	232	65	100	155		game:ItemLotParam2_Other 50355180; smithbox label; area SL https://www.gamingreality.com/2014/04/dark-souls-2-suggested-levels-by-zone.html
Flying_Feline_Boots	legs	21460103	Flying Feline Boots	Doors of Pharros	8	80	boss-soul	Sweet Shalquoir - Royal Rat Authority, Royal Rat Vanguard, 6000 souls (shop 77700200)	0	0	0	0	0	0	2.0	120	78	119	150		game:ShopLineupParam 77700200 price; smithbox label; area SL https://www.gamingreality.com/2014/04/dark-souls-2-suggested-levels-by-zone.html
Fume_Sorcerer_Boots	legs	26510103	Fume Sorcerer Boots	Brume Tower	9	90	drop	Fume Sorcerer drop 17% (m50_36, lot 65100000)	1	0	0	0	0	0	2.8	67	110	133	154		game:EnemyParam+generators; smithbox label; area SL https://www.gamingreality.com/2014/04/dark-souls-2-suggested-levels-by-zone.html
Grave_Warden_Bottoms	legs	23120103	Grave Warden Bottoms	Harvest Valley	6	60	drop	Grave Warden drop 17% (m10_17, lot 31201100)	0	0	0	0	0	0	3.8	83	120	138	150	drop@Harvest Valley(60): Grave Warden drop 17% (m10_17, lot 31203100); drop@Undead Crypt(100): Grave Warden drop 17% (m20_24, lot 31200000); drop@Undead Crypt(100): Grave Warden drop 17% (m20_24, lot 31202100); drop@Undead Crypt(100): Grave Warden drop 17% (m20_24, lot 31203200)	game:EnemyParam+generators; smithbox label; area SL https://www.gamingreality.com/2014/04/dark-souls-2-suggested-levels-by-zone.html
Gyrm_Boots	legs	22340103	Gyrm Boots	Shaded Woods	8	80	drop	Gyrm drop 12% (m10_29,m10_33, lot 13400000)	0	0	0	0	0	0	5.6	64	80	97	150		game:EnemyParam+generators; smithbox label; area SL https://www.gamingreality.com/2014/04/dark-souls-2-suggested-levels-by-zone.html
Gyrm_Warrior_Boots	legs	22350103	Gyrm Warrior Boots	Doors of Pharros	8	80	drop	Unknown drop 14% (m10_33, lot 1330000)	0	0	14	0	0	0	8.8	185	96	116	150	drop@Doors of Pharros(80): Gyrm Warrior drop 12% (m10_33, lot 1330100); drop@Doors of Pharros(80): Gyrm Warrior drop 14% (m10_33, lot 1330200); drop@Doors of Pharros(80): Gyrm Warrior drop 12% (m10_33, lot 1330300); drop@Doors of Pharros(80): Gyrm Warrior drop 13% (m10_33, lot 13500000); drop@Doors of Pharros(80): Gyrm Warrior drop 12% (m10_33, lot 13501000); drop@Doors of Pharros(80): Gyrm Warrior drop 13% (m10_33, lot 13503000); drop@Doors of Pharros(80): Gyrm Warrior drop 12% (m10_33, lot 13504000)	game:Chr lot id's map digits; smithbox label; area SL https://www.gamingreality.com/2014/04/dark-souls-2-suggested-levels-by-zone.html
Hard_Leather_Boots	legs	27440103	Hard Leather Boots	Majula	0	1	shop	Maughlin the Armourer, 1100 souls (shop 76100203)	0	0	0	0	0	0	3.8	151	65	100	150		game:ShopLineupParam 76100203 price; https://darksouls2.wiki.fextralife.com/Maughlin+the+Armourer; area SL https://www.gamingreality.com/2014/04/dark-souls-2-suggested-levels-by-zone.html
Havels_Leggings	legs	21160103	Havel's Leggings	The Gutter	7	65	pickup	The Gutter (lot 10256000)	0	0	20	0	0	0	11.5	1620	126	147	175		game:ItemLotParam2_Other 10256000; smithbox label; area SL https://www.gamingreality.com/2014/04/dark-souls-2-suggested-levels-by-zone.html
Heavy_Boots	legs	21070103	Heavy Boots	The Gutter	7	65	pickup	The Gutter (lot 10256270)	0	0	0	0	0	0	1.6	109	77	98	150	drop@No-man's Wharf(35): Dark Stalker drop 10% (m10_18, lot 21700000); drop@Shrine of Amana(95): Butcher Phantom drop 25% (m20_11, lot 83300000)	game:ItemLotParam2_Other 10256270; smithbox label; area SL https://www.gamingreality.com/2014/04/dark-souls-2-suggested-levels-by-zone.html
Heide_Knight_Leggings	legs	23010103	Heide Knight Leggings	Forest of Fallen Giants	1	10	drop	Unknown drop 20% (m10_10, lot 1100201)	0	0	0	0	0	0	6.4	496	83	118	151	drop@Heide's Tower of Flame(30): Heide Knight drop 14% (m10_31, lot 30100100); drop@Heide's Tower of Flame(30): Heide Knight drop 14% (m10_31, lot 30101100); drop@Huntsman's Copse(55): Unknown drop 20% (m10_23, lot 1230001); drop@The Gutter(65): Heide Knight - The Gutter drop 20% (m10_25, lot 1250501)	game:Chr lot id's map digits; smithbox label; area SL https://www.gamingreality.com/2014/04/dark-souls-2-suggested-levels-by-zone.html
Hexers_Boots	legs	27700103	Hexer's Boots	Huntsman's Copse	5	55	npc	Merchant Hag Melentia - Felkin the Outcast, 4800 souls (shop 75400232)	0	0	0	0	0	0	2.0	528	98	125	150	npc@Huntsman's Copse(55): NPC - Felkin the Outcast (lot 1770000)	game:ShopLineupParam 75400232 price; https://darksouls2.wiki.fextralife.com/Merchant+Hag+Melentia; area SL https://www.gamingreality.com/2014/04/dark-souls-2-suggested-levels-by-zone.html
Hollow_Infantry_Boots	legs	22030103	Hollow Infantry Boots	Forest of Fallen Giants	1	10	drop	Hollow Infantry drop 8% (m10_10, lot 1105000)	0	0	0	0	0	0	4.5	11	26	33	150	drop@Forest of Fallen Giants(10): Hollow Infantry drop 8% (m10_10, lot 1105100); drop@Forest of Fallen Giants(10): Hollow Infantry drop 7% (m10_10, lot 1105200); drop@Forest of Fallen Giants(10): Hollow Infantry drop 8% (m10_10, lot 1105300); drop@Forest of Fallen Giants(10): Hollow Infantry drop 7% (m10_10, lot 1105400); drop@Forest of Fallen Giants(10): Hollow Infantry drop 14% (m10_10,m10_30, lot 10300000); drop@Forest of Fallen Giants(10): Hollow Infantry drop 12% (m10_10, lot 10301000); drop@Forest of Fallen Giants(10): Hollow Infantry drop 11% (m10_10, lot 10302000); drop@Forest of Fallen Giants(10): Hollow Infantry drop 12% (m10_10, lot 10303000); drop@Forest of Fallen Giants(10): Hollow Infantry drop 11% (m10_10, lot 10304000); drop@Heide's Tower of Flame(30): Hollow Infantry drop 11% (m10_18,m10_30, lot 10302200); drop@Heide's Tower of Flame(30): Hollow Infantry drop 12% (m10_18,m10_30, lot 10303200); drop@Heide's Tower of Flame(30): Hollow Infantry drop 11% (m10_18,m10_30, lot 10305100)	game:Chr lot id's map digits; smithbox label; area SL https://www.gamingreality.com/2014/04/dark-souls-2-suggested-levels-by-zone.html
Hollow_Soldier_Leggings	legs	22020103	Hollow Soldier Leggings	Forest of Fallen Giants	1	10	drop	Hollow Solider drop 4% (m10_10, lot 1100100)	0	0	0	0	0	0	1.8	12	63	87	150	drop@Forest of Fallen Giants(10): Hollow Soldier drop 12% (m10_10, lot 10200000); drop@Forest of Fallen Giants(10): Hollow Soldier drop 12% (m10_10, lot 10201000); drop@Forest of Fallen Giants(10): Hollow Soldier drop 12% (m10_10, lot 10202000); drop@Forest of Fallen Giants(10): Hollow Soldier drop 12% (m10_10, lot 10203000); drop@Forest of Fallen Giants(10): Hollow Soldier drop 12% (m10_10, lot 10204000)	game:Chr lot id's map digits; smithbox label; area SL https://www.gamingreality.com/2014/04/dark-souls-2-suggested-levels-by-zone.html
Imperious_Leggings	legs	25110103	Imperious Leggings	Brightstone Cove	9	90	drop	Dual Wielding Swordsman Phantom drop 18% (m10_14, lot 84800000)	0	0	0	0	0	0	7.5	116	97	123	150	drop@Undead Crypt(100): Imperious Knight drop 17% (m20_24, lot 51100000)	game:EnemyParam+generators; smithbox label; area SL https://www.gamingreality.com/2014/04/dark-souls-2-suggested-levels-by-zone.html
Imported_Trousers	legs	21100103	Imported Trousers	Things Betwixt	0	1	drop	Foreign Wanderer Phantom drop 17% (m10_02,m10_04, lot 83700000)	0	0	0	0	0	0	3.6	54	54	70	150		game:EnemyParam+generators; smithbox label; area SL https://www.gamingreality.com/2014/04/dark-souls-2-suggested-levels-by-zone.html
Infantry_Boots	legs	22031103	Infantry Boots	Majula	0	1	shop	Maughlin the Armourer, 850 souls (shop 76100210)	0	0	0	0	0	0	4.5	26	62	76	156		game:ShopLineupParam 76100210 price; https://darksouls2.wiki.fextralife.com/Maughlin+the+Armourer; area SL https://www.gamingreality.com/2014/04/dark-souls-2-suggested-levels-by-zone.html
Insolent_Boots	legs	25100103	Insolent Boots	Undead Crypt	11	100	drop	Insolent Knight drop 5% (m20_24, lot 2240200)	0	0	0	0	0	0	5.8	46	95	101	150		game:Chr lot id's map digits; smithbox label; area SL https://www.gamingreality.com/2014/04/dark-souls-2-suggested-levels-by-zone.html
Ironclad_Leggings	legs	22510103	Ironclad Leggings	Iron Keep	8	80	drop	Ironclad Soldier drop 10% (m10_19,m20_10, lot 15100000)	0	0	14	0	0	0	9.4	133	81	121	155		game:EnemyParam+generators; smithbox label; area SL https://www.gamingreality.com/2014/04/dark-souls-2-suggested-levels-by-zone.html
Ivory_King_Leggings	legs	26900103	Ivory King Leggings	Eleum Loyce	11	100	boss-soul	Maughlin the Armourer - Burnt Ivory King, 50 Loyce Souls, 19200 souls (shop 76100266)	1	0	0	0	0	0	8.6	88	108	121	185		game:ShopLineupParam 76100266 price; smithbox label; area SL https://www.gamingreality.com/2014/04/dark-souls-2-suggested-levels-by-zone.html
Jesters_Tights	legs	21210103	Jester's Tights	Iron Keep	8	80	shop	Magerold of Lanafir, 2600 souls (shop 77200207)	0	0	0	14	0	0	2.7	170	74	100	150		game:ShopLineupParam 77200207 price; https://darksouls2.wiki.fextralife.com/Magerold+of+Lanafir; area SL https://www.gamingreality.com/2014/04/dark-souls-2-suggested-levels-by-zone.html
Kings_Leggings	legs	25130103	King's Leggings	Shrine of Amana	10	95	pickup	Shrine of Amana - Chest (lot 20115070)	0	0	14	12	0	0	7.1	330	131	150	173		game:ItemLotParam2_Other 20115070; smithbox label; area SL https://www.gamingreality.com/2014/04/dark-souls-2-suggested-levels-by-zone.html
Knight_Leggings	legs	21050103	Knight Leggings	Heide's Tower of Flame	2	30	pickup	Unseen Path to Heide - Chest (lot 10305010)	0	0	0	0	0	0	6.4	279	73	100	150	drop@Forest of Fallen Giants(10): Knight Phantom - Forest of Fallen Giants drop 17% (m10_10, lot 84300000); drop@Eleum Loyce(100): Wall Watchman - Drakekeeper's Sword drop 19% (m50_37, lot 88300000)	game:ItemLotParam2_Other 10305010; smithbox label; area SL https://www.gamingreality.com/2014/04/dark-souls-2-suggested-levels-by-zone.html
Leather_Boots	legs	21040103	Leather Boots	Forest of Fallen Giants	1	10	pickup	Forest of Fallen Giants - Chest - Soldier's Rest (lot 10105120)	0	0	0	0	0	0	2.8	88	50	56	150		game:ItemLotParam2_Other 10105120; smithbox label; area SL https://www.gamingreality.com/2014/04/dark-souls-2-suggested-levels-by-zone.html
Leggings_of_Aurous	legs	21361103	Leggings of Aurous	The Gutter	7	65	pickup	The Gutter - Chest (lot 10255110)	0	0	0	0	0	0	5.8	315	86	101	150	drop@No-man's Wharf(35): Aurous Phantom drop 17% (m10_18, lot 85400000)	game:ItemLotParam2_Other 10255110; smithbox label; area SL https://www.gamingreality.com/2014/04/dark-souls-2-suggested-levels-by-zone.html
Leggings_of_Aurous_Transparent	legs	21360103	Leggings of Aurous	Majula	2	30	npc	NPC - Maughlin the Armourer (lot 1761000)	0	0	0	0	0	0	2.0	15	47	65	150	npc@Grave of Saints(45): Rhoy the Explorer drop 17% (m10_34, lot 84920000)	game:ItemLotParam2_Other 1761000; smithbox label; area SL https://www.gamingreality.com/2014/04/dark-souls-2-suggested-levels-by-zone.html
Leggings_of_the_Forlorn	legs	26940103	Leggings of the Forlorn	Lost Bastille	5	55	npc	Straid of Olaphis - 3 Forlorn, 7200 souls (shop 76800203)	0	0	0	0	0	0	6.2	201	100	129	153		game:ShopLineupParam 76800203 price; smithbox label; area SL https://www.gamingreality.com/2014/04/dark-souls-2-suggested-levels-by-zone.html
Lion_Mage_Skirt	legs	22190103	Lion Mage Skirt	Shaded Woods	8	80	pickup	Shaded Woods - Chest (lot 10325040)	0	0	0	0	0	0	1.4	643	95	120	155		game:ItemLotParam2_Other 10325040; smithbox label; area SL https://www.gamingreality.com/2014/04/dark-souls-2-suggested-levels-by-zone.html
Lion_Warrior_Skirt	legs	23080103	Lion Warrior Skirt	Shaded Woods	8	80	drop	Lion Clan Warrior drop 15% (m10_32, lot 1320200)	0	0	0	0	0	0	1.2	83	99	101	150	drop@Shaded Woods(80): Lion Clan Warrior drop 13% (m10_32, lot 30800000); drop@Shaded Woods(80): Lion Clan Warrior drop 16% (m10_32, lot 30810000)	game:Chr lot id's map digits; smithbox label; area SL https://www.gamingreality.com/2014/04/dark-souls-2-suggested-levels-by-zone.html
Llewellyn_Shoes	legs	27210103	Llewellyn Shoes	Drangleic Castle	10	95	npc	NPC - Chancellor Wellager (lot 1721000)	0	0	0	0	0	0	3.1	538	112	127	155		game:ItemLotParam2_Other 1721000; smithbox label; area SL https://www.gamingreality.com/2014/04/dark-souls-2-suggested-levels-by-zone.html
Looking_Glass_Leggings	legs	25040103	Looking Glass Leggings	Drangleic Castle	10	95	boss-soul	Maughlin the Armourer - Looking Glass Knight, 10800 souls (shop 76100242)	0	0	16	0	0	0	10.4	230	118	134	155		game:ShopLineupParam 76100242 price; smithbox label; area SL https://www.gamingreality.com/2014/04/dark-souls-2-suggested-levels-by-zone.html
Loyce_Leggings	legs	26880103	Loyce Leggings	Eleum Loyce	11	100	npc	NPC - Alsanna, Silent Oracle (lot 1788000)	1	0	0	0	0	0	7.5	181	123	148	160		game:ItemLotParam2_Other 1788000; smithbox label; area SL https://www.gamingreality.com/2014/04/dark-souls-2-suggested-levels-by-zone.html
Lucatiels_Trousers	legs	27520103	Lucatiel's Trousers	Heide's Tower of Flame	2	30	npc	Merchant Hag Melentia - Lucatiel of Mirrah, 6000 souls (shop 75400221)	0	0	0	0	0	0	4.0	148	66	89	150	npc@Aldia's Keep(100): NPC - Lucatiel of Mirrah - Gift (lot 1752000)	game:ShopLineupParam 75400221 price; https://darksouls2.wiki.fextralife.com/Merchant+Hag+Melentia; area SL https://www.gamingreality.com/2014/04/dark-souls-2-suggested-levels-by-zone.html
Mad_Warrior_Leggings	legs	27550103	Mad Warrior Leggings	Brume Tower	9	90	pickup	Brume Tower (lot 50366730)	1	0	0	0	0	0	7.4	153	108	137	150	drop@Iron Keep(80): Mad Warrior Phantom drop 20% (m10_19, lot 83600000); drop@Brume Tower(90): Prowler drop 20% (m50_36, lot 88100000); drop@Brume Tower(90): Prowler drop 20% (m50_36, lot 88200000)	game:ItemLotParam2_Other 50366730; smithbox label; area SL https://www.gamingreality.com/2014/04/dark-souls-2-suggested-levels-by-zone.html
Manikin_Boots	legs	22240103	Manikin Boots	Harvest Valley	6	60	drop	Manikin drop 19% (m10_17, lot 12400000)	0	0	0	0	0	0	1.6	72	80	99	150	drop@Harvest Valley(60): Manikin drop 16% (m10_17, lot 12401000); drop@Harvest Valley(60): Manikin drop 16% (m10_17, lot 12402000); drop@Harvest Valley(60): Manikin drop 12% (m10_17, lot 12403000); drop@Drangleic Castle(95): Manikin drop 19% (m20_21, lot 12400100)	game:EnemyParam+generators; smithbox label; area SL https://www.gamingreality.com/2014/04/dark-souls-2-suggested-levels-by-zone.html
Mastodon_Leggings	legs	23150103	Mastodon Leggings	Drangleic Castle	10	95	drop	Primal Knight drop 15% (m20_21, lot 31500000)	0	0	16	0	0	0	10.8	138	99	129	155		game:EnemyParam+generators; smithbox label; area SL https://www.gamingreality.com/2014/04/dark-souls-2-suggested-levels-by-zone.html
Monastery_Skirt	legs	21370103	Monastery Skirt	Aldia's Keep	11	100	drop	Painting Guardian Phantom - Aldia's Keep drop 20% (m10_15, lot 85000000)	0	0	0	0	0	0	4.0	92	84	100	150		game:EnemyParam+generators; smithbox label; area SL https://www.gamingreality.com/2014/04/dark-souls-2-suggested-levels-by-zone.html
Moon_Butterfly_Skirt	legs	21470103	Moon Butterfly Skirt	Majula	14	120	ng+	Maughlin the Armourer - 15000 Souls, NG+2, 10000 souls (shop 76100262)	0	1	0	0	0	0	1.2	218	60	87	150		game:ShopLineupParam 76100262 price; smithbox label; area SL https://www.gamingreality.com/2014/04/dark-souls-2-suggested-levels-by-zone.html
Northwarder_Trousers	legs	21610103	Northwarder Trousers	Eleum Loyce	11	100	pickup	Eleum Loyce (lot 50376560)	1	0	0	0	0	0	1.8	197	119	130	155		game:ItemLotParam2_Other 50376560; smithbox label; area SL https://www.gamingreality.com/2014/04/dark-souls-2-suggested-levels-by-zone.html
Old_Ironclad_Leggings	legs	22512103	Old Ironclad Leggings	Forest of Fallen Giants	1	10	drop	Ironclad Soldier drop 22% (m10_10, lot 15120000)	0	0	14	0	0	0	9.4	23	100	119	155		game:EnemyParam+generators; smithbox label; area SL https://www.gamingreality.com/2014/04/dark-souls-2-suggested-levels-by-zone.html
Old_Knight_Leggings	legs	23300103	Old Knight Leggings	Heide's Tower of Flame	2	30	drop	Old Knight drop 3% (m10_31, lot 1310000)	0	0	0	0	0	0	8.2	124	109	134	152	drop@Heide's Tower of Flame(30): Old Knight drop 3% (m10_31, lot 1310100); drop@Heide's Tower of Flame(30): Unknown drop 3% (m10_31, lot 1310200); drop@Heide's Tower of Flame(30): Unknown drop 3% (m10_31, lot 1310300); drop@Heide's Tower of Flame(30): Old Knight drop 3% (m10_31, lot 1310400); drop@Heide's Tower of Flame(30): Old Knight drop 7% (m10_31, lot 33000000); drop@Heide's Tower of Flame(30): Old Knight drop 8% (m10_30,m10_31, lot 33001000); drop@Heide's Tower of Flame(30): Old Knight drop 8% (m10_31, lot 33004000); drop@Drangleic Castle(95): Old Knight drop 8% (m20_21, lot 33001100); drop@Shrine of Amana(95): Old Knight drop 8% (m20_11,m20_21, lot 33004200)	game:Chr lot id's map digits; smithbox label; area SL https://www.gamingreality.com/2014/04/dark-souls-2-suggested-levels-by-zone.html
Pates_Trousers	legs	21010103	Pate's Trousers	Forest of Fallen Giants	1	10	npc	Merchant Hag Melentia - Mild Mannered Pate, 4600 souls (shop 75400216)	0	0	0	0	0	0	3.5	52	89	123	150	npc@Brightstone Cove(90): NPC - Mild-mannered Pate - Survives battle againts Last Giant (lot 1744010)	game:ShopLineupParam 75400216 price; https://darksouls2.wiki.fextralife.com/Merchant+Hag+Melentia; area SL https://www.gamingreality.com/2014/04/dark-souls-2-suggested-levels-by-zone.html
Peasant_Trousers	legs	22480103	Peasant Trousers	Brightstone Cove	9	90	drop	Undead Peasant drop 2% (m10_14, lot 1140400)	0	0	0	0	0	0	2.6	105	27	30	136	drop@Brightstone Cove(90): Undead Peasant drop 2% (m10_14, lot 1140500); drop@Brightstone Cove(90): Undead Peasant drop 6% (m10_14, lot 14800000); drop@Brightstone Cove(90): Undead Peasant drop 7% (m10_14, lot 14801000); drop@Brightstone Cove(90): Undead Peasant drop 7% (m10_14, lot 14802000); drop@Brightstone Cove(90): Undead Peasant drop 7% (m10_14, lot 14803000); drop@Brightstone Cove(90): Porcine Peasant Phantom drop 25% (m10_14, lot 84600000)	game:Chr lot id's map digits; smithbox label; area SL https://www.gamingreality.com/2014/04/dark-souls-2-suggested-levels-by-zone.html
Penal_Skirt	legs	26260103	Penal Skirt	Sinners' Rise	10	95	boss-soul	Maughlin the Armourer - Lost Sinner, 7500 souls (shop 76100246)	0	0	0	0	0	0	4.8	99	100	114	150		game:ShopLineupParam 76100246 price; smithbox label; area SL https://www.gamingreality.com/2014/04/dark-souls-2-suggested-levels-by-zone.html
Priestess_Skirt	legs	22062103	Priestess Skirt	Brightstone Cove	9	90	pickup	Brightstone Cove (lot 10146040)	0	0	0	0	0	0	1.9	48	113	137	150	drop@Huntsman's Copse(55): Merciless Roenna - Huntsman's Copse drop 28% (m10_23, lot 82100000); drop@Shrine of Amana(95): Peculiar Kindalur - Shrine of Amana drop 26% (m20_11, lot 82200300); drop@Dragon Aerie(105): Dark Priestess drop 12% (m10_27, lot 10620000)	game:ItemLotParam2_Other 10146040; smithbox label; area SL https://www.gamingreality.com/2014/04/dark-souls-2-suggested-levels-by-zone.html
Prisoners_Waistcloth	legs	22270103	Prisoner's Waistcloth	No-man's Wharf	3	35	drop	Abandoned Hollow drop 3% (m10_18,m20_24, lot 12701100)	0	0	0	0	0	0	1.0	45	41	77	150	drop@Grave of Saints(45): Abandoned Hollow drop 10% (m10_34, lot 33700300); drop@Huntsman's Copse(55): Abandoned Hollow drop 5% (m10_23,m50_37, lot 12700000); drop@Huntsman's Copse(55): Abandoned Hollow drop 5% (m10_23, lot 33700000); drop@Huntsman's Copse(55): Abandoned Hollow drop 2% (m10_23, lot 33701000); drop@Huntsman's Copse(55): Abandoned Hollow drop 5% (m10_23, lot 33702000); drop@Harvest Valley(60): Abandoned Hollow drop 11% (m10_17, lot 12700300); drop@The Gutter(65): Abandoned Hollow drop 5% (m10_25, lot 33700200); drop@The Gutter(65): Abandoned Hollow drop 2% (m10_25, lot 33701100); drop@The Gutter(65): Abandoned Hollow drop 5% (m10_25, lot 33702100); drop@Brightstone Cove(90): Abandoned Hollow drop 4% (m10_14, lot 12700200); drop@Undead Crypt(100): Abandoned Hollow drop 11% (m20_24, lot 12700100); drop@Eleum Loyce(100): Abandoned Hollow drop 2% (m50_37, lot 12701000)	game:EnemyParam+generators; smithbox label; area SL https://www.gamingreality.com/2014/04/dark-souls-2-suggested-levels-by-zone.html
Raimes_Leggings	legs	26750103	Raime's Leggings	Brume Tower	9	90	boss-soul	Magerold of Lanafir - Fume Knight, 9600 souls (shop 77200215)	1	0	0	0	0	0	6.9	450	121	148	170		game:ShopLineupParam 77200215 price; smithbox label; area SL https://www.gamingreality.com/2014/04/dark-souls-2-suggested-levels-by-zone.html
Rampart_Golem_Leggings	legs	26590103	Rampart Golem Leggings	Eleum Loyce	11	100	drop	Rampart Golem drop 17% (m50_37, lot 65900000)	1	0	0	0	0	0	8.2	64	117	119	155		game:EnemyParam+generators; smithbox label; area SL https://www.gamingreality.com/2014/04/dark-souls-2-suggested-levels-by-zone.html
Rogue_Leggings	legs	22080103	Rogue Leggings	Huntsman's Copse	5	55	drop	Hollow Rogue drop 7% (m10_23, lot 10800000)	0	0	0	0	0	0	2.5	282	87	125	150	drop@Huntsman's Copse(55): Hollow Rogue drop 8% (m10_23, lot 10801000); drop@Huntsman's Copse(55): Hollow Rogue drop 7% (m10_23, lot 10802000)	game:EnemyParam+generators; smithbox label; area SL https://www.gamingreality.com/2014/04/dark-souls-2-suggested-levels-by-zone.html
Royal_Soldier_Leggings	legs	22021103	Royal Soldier Leggings	Majula	0	1	shop	Maughlin the Armourer - 1000 Souls, 2200 souls (shop 76100214)	0	0	0	0	0	0	5.3	110	79	112	150	shop@Majula(1): Maughlin the Armourer - 1000 Souls, 2200 souls (shop 76100222)	game:ShopLineupParam 76100214 price; https://darksouls2.wiki.fextralife.com/Maughlin+the+Armourer; area SL https://www.gamingreality.com/2014/04/dark-souls-2-suggested-levels-by-zone.html
Royal_Swordsman_Leggings	legs	22520103	Royal Swordsman Leggings	Forest of Fallen Giants	1	10	drop	Royal Soldier drop 6% (m10_10,m10_16, lot 15200100)	0	0	0	0	0	0	6.1	130	47	87	150	drop@Lost Bastille(55): Royal Soldier drop 6% (m10_16, lot 15201100); npc@Doors of Pharros(80): Bowman Guthry drop 22% (m10_14,m10_33, lot 85300000); drop@Drangleic Castle(95): Royal Soldier drop 20% (m20_21, lot 15200000); drop@Drangleic Castle(95): Royal Soldier drop 17% (m20_21, lot 15201000); drop@Eleum Loyce(100): Maldron the Assassin - Frozen Eleum Loyce drop 14% (m50_37, lot 87110000)	game:EnemyParam+generators; smithbox label; area SL https://www.gamingreality.com/2014/04/dark-souls-2-suggested-levels-by-zone.html
Ruin_Leggings	legs	23250103	Ruin Leggings	Drangleic Castle	10	95	drop	Ruin Sentinel - Drangleic Castle drop 25% (m20_21, lot 2210700)	0	0	0	0	0	0	6.2	72	125	128	152		game:Chr lot id's map digits; smithbox label; area SL https://www.gamingreality.com/2014/04/dark-souls-2-suggested-levels-by-zone.html
Rusted_Mastodon_Leggings	legs	23140103	Rusted Mastodon Leggings	Heide's Tower of Flame	2	30	drop	Hollow Primal Knight drop 17% (m10_30, lot 31400100)	0	0	14	0	0	0	9.8	17	109	120	150	drop@Doors of Pharros(80): Hollow Primal Knight drop 17% (m10_33, lot 31400000)	game:EnemyParam+generators; smithbox label; area SL https://www.gamingreality.com/2014/04/dark-souls-2-suggested-levels-by-zone.html
Saints_Trousers	legs	27690103	Saint's Trousers	Heide's Tower of Flame	2	30	npc	Merchant Hag Melentia - Licia of Lindeldt, 4800 souls (shop 75400228)	0	0	0	0	0	16	2.0	154	120	147	155	npc@Heide's Tower of Flame(30): NPC - Licia of Lindeldt (lot 1769000); npc@Heide's Tower of Flame(30): Event - Licia (lot 60006000)	game:ShopLineupParam 75400228 price; https://darksouls2.wiki.fextralife.com/Merchant+Hag+Melentia; area SL https://www.gamingreality.com/2014/04/dark-souls-2-suggested-levels-by-zone.html
Sanctum_Knight_Leggings	legs	26650103	Sanctum Knight Leggings	Shulva	8	80	drop	Sanctum Knight drop 15% (m50_35, lot 66500000)	1	0	0	0	0	0	7.4	285	93	117	150	drop@Shulva(80): Sanctum Knight drop 9% (m50_35, lot 66501000)	game:EnemyParam+generators; smithbox label; area SL https://www.gamingreality.com/2014/04/dark-souls-2-suggested-levels-by-zone.html
Shadow_Leggings	legs	22230103	Shadow Leggings	No-man's Wharf	3	35	drop	Suspicious Shadow drop 17% (m10_18, lot 12300000)	0	0	0	0	0	0	1.6	273	114	125	150	drop@No-man's Wharf(35): Suspicious Shadow drop 17% (m10_18, lot 12302000); drop@Lost Bastille(55): Suspicious Shadow drop 17% (m10_16, lot 12300200); drop@Harvest Valley(60): Suspicious Shadow drop 17% (m10_17, lot 12300300)	game:EnemyParam+generators; smithbox label; area SL https://www.gamingreality.com/2014/04/dark-souls-2-suggested-levels-by-zone.html
Smelter_Demon_Leggings	legs	23050103	Smelter Demon Leggings	Iron Keep	8	80	boss-soul	Maughlin the Armourer - Smelter Demon, 9000 souls (shop 76100238)	0	0	16	0	0	0	10.4	364	121	146	176		game:ShopLineupParam 76100238 price; smithbox label; area SL https://www.gamingreality.com/2014/04/dark-souls-2-suggested-levels-by-zone.html
Steel_Leggings	legs	22220103	Steel Leggings	Memories	13	110	pickup	Giant's Memory - Chest (lot 20105040)	0	0	0	0	0	0	8.3	270	100	125	155		game:ItemLotParam2_Other 20105040; smithbox label; area SL https://www.gamingreality.com/2014/04/dark-souls-2-suggested-levels-by-zone.html
Syans_Leggings	legs	22530103	Syan's Leggings	Forest of Fallen Giants	1	10	drop	Syan Knight drop 13% (m10_10,m10_32,m20_21, lot 15301000)	0	0	0	0	0	0	7.1	163	78	100	150	drop@Forest of Fallen Giants(10): Syan Knight Phantom - Forest of Fallen Giants drop 17% (m10_10, lot 84200000); drop@Heide's Tower of Flame(30): Syan Knight drop 13% (m10_23,m10_30,m20_24, lot 15300300); drop@Grave of Saints(45): Syan Knight drop 13% (m10_15,m10_34,m20_24, lot 15301300); drop@Shaded Woods(80): Syan Knight drop 13% (m10_32,m20_21, lot 15300000); drop@Shrine of Amana(95): Syan Knight drop 13% (m20_11, lot 15300200); drop@Drangleic Castle(95): Washing Pole Phantom drop 20% (m20_21, lot 85350000)	game:EnemyParam+generators; smithbox label; area SL https://www.gamingreality.com/2014/04/dark-souls-2-suggested-levels-by-zone.html
Targrays_Leggings	legs	27950103	Targray's Leggings	Heide's Tower of Flame	2	30	npc	Merchant Hag Melentia - Blue Sentinel Targray, 6300 souls (shop 75400240)	0	0	0	0	0	0	5.8	68	113	120	150	npc@Heide's Tower of Flame(30): NPC - Blue Sentinel Targray (lot 1785040)	game:ShopLineupParam 75400240 price; https://darksouls2.wiki.fextralife.com/Merchant+Hag+Melentia; area SL https://www.gamingreality.com/2014/04/dark-souls-2-suggested-levels-by-zone.html
Throne_Defender_Leggings	legs	23320103	Throne Defender Leggings	Throne of Want	13	110	boss-soul	Maughlin the Armourer - Thorne Defenders, 13800 souls (shop 76100254)	0	0	0	0	0	0	7.7	161	115	140	168		game:ShopLineupParam 76100254 price; smithbox label; area SL https://www.gamingreality.com/2014/04/dark-souls-2-suggested-levels-by-zone.html
Throne_Watcher_Leggings	legs	23340103	Throne Watcher Leggings	Throne of Want	13	110	boss-soul	Maughlin the Armourer - Thorne Defenders, 11600 souls (shop 76100258)	0	0	0	0	0	0	6.6	229	113	132	155		game:ShopLineupParam 76100258 price; smithbox label; area SL https://www.gamingreality.com/2014/04/dark-souls-2-suggested-levels-by-zone.html
Tights_of_Judgment	legs	21350103	Tights of Judgment	Dragon Aerie	12	105	pickup	Dragon Aerie - Chest (lot 10275060)	0	0	0	0	0	0	2.8	159	118	125	150	drop@Drangleic Castle(95): Dark Stalker drop 10% (m20_21, lot 21700100)	game:ItemLotParam2_Other 10275060; smithbox label; area SL https://www.gamingreality.com/2014/04/dark-souls-2-suggested-levels-by-zone.html
Traveling_Merchant_Boots	legs	21140103	Traveling Merchant Boots	Forest of Fallen Giants	1	10	shop	Merchant Hag Melentia, 1280 souls (shop 75400203)	0	0	0	0	0	0	3.8	28	39	73	150		game:ShopLineupParam 75400203 price; https://darksouls2.wiki.fextralife.com/Merchant+Hag+Melentia; area SL https://www.gamingreality.com/2014/04/dark-souls-2-suggested-levels-by-zone.html
Tseldora_Trousers	legs	22460103	Tseldora Trousers	Majula	0	1	npc	Maughlin the Armourer drop 25% (m10_04, lot 76100000)	0	0	0	0	0	0	2.0	128	54	71	151	drop@Brightstone Cove(90): Parasitized Undead drop 4% (m10_14, lot 10700000); drop@Brightstone Cove(90): Lord Tseldora drop 10% (m10_14, lot 14601000)	game:EnemyParam+generators; smithbox label; area SL https://www.gamingreality.com/2014/04/dark-souls-2-suggested-levels-by-zone.html
Varangian_Leggings	legs	22130103	Varangian Leggings	Heide's Tower of Flame	2	30	drop	Varangian Sailor drop 12% (m10_16,m10_18,m10_30, lot 11300000)	0	0	0	0	0	0	2.4	48	45	57	150	drop@Heide's Tower of Flame(30): Varangian Sailor drop 13% (m10_16,m10_18,m10_30, lot 11301000); drop@Heide's Tower of Flame(30): Varangian Sailor drop 11% (m10_18,m10_30, lot 11302000)	game:EnemyParam+generators; smithbox label; area SL https://www.gamingreality.com/2014/04/dark-souls-2-suggested-levels-by-zone.html
Velstadts_Leggings	legs	23330103	Velstadt's Leggings	Undead Crypt	11	100	boss-soul	Maughlin the Armourer - Velstadt, 12000 souls (shop 76100250)	0	0	0	0	0	0	7.2	257	124	143	156		game:ShopLineupParam 76100250 price; smithbox label; area SL https://www.gamingreality.com/2014/04/dark-souls-2-suggested-levels-by-zone.html
Vengarls_Boots	legs	23070103	Vengarl's Boots	Shaded Woods	8	80	npc	Body of Vengarl drop 33% (m10_32, lot 30700000)	0	0	0	0	0	0	7.9	334	96	114	150		game:EnemyParam+generators; smithbox label; area SL https://www.gamingreality.com/2014/04/dark-souls-2-suggested-levels-by-zone.html
Wanderer_Boots	legs	21030103	Wanderer Boots	Lost Bastille	5	55	pickup	Lost Bastille (lot 10166490)	0	0	0	0	0	0	2.1	621	75	125	150	drop@Lost Bastille(55): Unknown drop 25% (m10_16, lot 1160000); drop@Brume Tower(90): Notched Whip Phantom drop 19% (m50_36, lot 87300000)	game:ItemLotParam2_Other 10166490; smithbox label; area SL https://www.gamingreality.com/2014/04/dark-souls-2-suggested-levels-by-zone.html
White_Priest_Skirt	legs	22060103	White Priest Skirt	Brightstone Cove	9	90	shop	Cromwell the Pardoner, 4800 souls (shop 78400203)	0	0	0	0	0	0	2.4	45	127	148	152		game:ShopLineupParam 78400203 price; https://darksouls2.wiki.fextralife.com/Cromwell+the+Pardoner; area SL https://www.gamingreality.com/2014/04/dark-souls-2-suggested-levels-by-zone.html
Xanthous_Waistcloth	legs	21340103	Xanthous Waistcloth	Dark Chasm of Old	10	95	covenant	Covenant - Pilgrims of Dark 3 (lot 2006013)	0	0	0	0	0	0	4.0	65	115	137	155		game:ItemLotParam2_Other 2006013; smithbox label; area SL https://www.gamingreality.com/2014/04/dark-souls-2-suggested-levels-by-zone.html
